-3.1194686708162562, 2.647524003853045
-3.1194686708162562, 2.5096222565175506
-3.1194686708162562, 2.459159787461029
-3.1194686708162562, 2.3699804240421756
-3.1194686708162562, 2.0939594187287014
-3.1194686708162562, 2.025226055703439
-3.1194686708162562, 1.8884118615803698
-3.1194686708162562, 1.7670409230737358
-3.1194686708162562, 1.6922172620588933
-3.1194686708162562, 1.6165235584741107
-3.1194686708162562, 1.041642930386237
-3.1194686708162562, 0.5824779641003865
-3.1194686708162562, -0.13835230509492735
-3.1194686708162562, -0.616223186634488
-3.1194686708162562, -0.6982246988513361
-3.1194686708162562, -0.8665779361347319
-3.089127208726552, 2.7778326523963357
-3.0988798215410998, 2.2362548810423934
-3.101317974744737, 2.1524697815571687
-3.069621983097456, 2.6452500289543384
-3.069621983097456, 2.510709809729976
-3.069621983097456, 2.4537615687884466
-3.069621983097456, 2.373144215205594
-3.069621983097456, 2.0917843123038518
-3.069621983097456, 2.0234464231740166
-3.069621983097456, 1.8855249021437506
-3.069621983097456, 1.7653997064077125
-3.069621983097456, 1.6924347727013784
-3.069621983097456, 1.612529272130295
-3.069621983097456, 1.0385977813914469
-3.069621983097456, 0.5881727881945396
-3.069621983097456, -0.13987487959232237
-3.069621983097456, -0.6066724920599196
-3.069621983097456, -0.7077556197311337
-3.069621983097456, -0.8581345684673591
-3.0354878382465382, 2.7931374921493717
-3.0159826126174423, 2.647563551242588
-3.0159826126174423, 2.513557221777052
-3.0159826126174423, 2.4409482145766024
-3.0159826126174423, 2.375813663999728
-3.0159826126174423, 2.088580973750891
-3.0159826126174423, 2.017039746068095
-3.0159826126174423, 1.879296188290771
-3.0159826126174423, 1.7604167353253288
-3.0159826126174423, 1.6892314341484174
-3.0159826126174423, 1.6016735137008162
-3.0159826126174423, 1.0337927735620052
-3.0159826126174423, 0.6015200321652103
-3.0159826126174423, -0.14467988742176408
-3.0159826126174423, -0.5894100565245184
-3.0159826126174423, -0.7235943492429966
-3.0159826126174423, -0.8438975082319766
-3.0257352254319905, 2.2378209576682853
-3.0232970722283534, 2.1480651910468476
-2.981848467766525, 2.8167710121401064
-2.962343242137429, 2.650233000036722
-2.962343242137429, 2.5171164868358975
-2.962343242137429, 2.421428188061019
-2.962343242137429, 2.3790170025526893
-2.962343242137429, 2.084131892427334
-2.962343242137429, 2.0092093629386345
-2.962343242137429, 1.8707539521495415
-2.962343242137429, 1.754010058219407
-2.962343242137429, 1.685138279330745
-2.962343242137429, 1.5877923799713185
-2.962343242137429, 1.026852206697256
-2.962343242137429, 0.6205621002300341
-2.962343242137429, -0.15535768259830096
-2.962343242137429, -0.5717916944832329
-2.962343242137429, -0.7380093727313208
-2.962343242137429, -0.8335756395613245
-2.962343242137429, -0.9871223341999231
-2.928209097286511, 2.8575601897144765
-2.9330854036937852, 2.238044682900556
-2.942838016508333, 2.138766611080613
-2.9087038716574156, 2.656817640395586
-2.9087038716574156, 2.521921494665339
-2.9208946376756004, 2.4115249567568124
-2.9087038716574156, 1.9983536045091552
-2.9087038716574156, 1.8593643039612358
-2.9087038716574156, 1.7472474546076002
-2.9087038716574156, 1.677485859454227
-2.9087038716574156, 1.57070790768886
-2.9087038716574156, 1.0167083012795461
-2.9087038716574156, 0.6428075068478187
-2.9087038716574156, -0.16674733078660653
-2.9330854036937852, -0.5646731643655416
-2.9087038716574156, -0.7479753148960886
-2.9087038716574156, -0.8298384112495367
-2.874569726806498, 2.89297487704999
-2.8696934203992237, 1.9366003557381848
-2.8648171139919496, 2.239493812245943
-2.855064501177402, 2.6594870891897204
-2.855064501177402, 2.5274383555065496
-2.855064501177402, 2.3849914831871804
-2.855064501177402, 1.985362287044369
-2.855064501177402, 1.8458390967376226
-2.855064501177402, 1.7394170714781398
-2.855064501177402, 1.6652063950012097
-2.855064501177402, 1.5511319498652092
-2.855064501177402, 1.0044288368265293
-2.8623789607883126, 0.6683674790516538
-2.855064501177402, -0.17226419162781692
-2.855064501177402, -0.7454838293548964
-2.855064501177402, -0.8387365738966506
-2.857502654381039, 2.12343211078542
-2.845311888362854, 2.071674464721374
-2.8648171139919496, -0.5320465679927904
-2.84043558195558, -0.9855562575740304
-2.820930356326484, 2.930703086673753
-2.8118743587129753, 1.9368545889566737
-2.8111777435119363, 2.240561591763597
-2.801425130697388, 2.683334165083986
-2.801425130697388, 2.532065400083049
-2.7992307928141154, 2.368708142148383
-2.806998052305701, 1.9732099392005964
-2.801425130697388, 1.8308901834904712
-2.801425130697388, 1.7314087250957373
-2.801425130697388, 1.6506134082599428
-2.801425130697388, 1.529954322765078
-2.801425130697388, 0.9903697398440889
-2.801425130697388, -0.1841877295749499
-2.801425130697388, -0.7381873359842634
-2.801425130697388, -0.8542193769026287
-2.7873698945823047, 2.079117516065019
-2.7867962114755667, -0.9800393967328196
-2.7794817518646555, 2.1103814722363197
-2.780944643786838, 0.724990937056563
-2.7672909858464707, 2.967007590273978
-2.7770435986610185, -0.5006318166281702
-2.7624146794391966, 1.9177362509263032
-2.757538373031923, 2.2375362164635777
-2.7477857602173748, 2.7055795717017705
-2.7477857602173748, 2.536514481406606
-2.7477857602173748, 2.393965915799841
-2.7477857602173748, 2.3323906302818123
-2.7477857602173748, 1.8157633069903774
-2.7477857602173748, 1.7232224154603926
-2.7477857602173748, 1.6331730094715997
-2.7477857602173748, 1.5073529896414086
-2.7477857602173748, 0.9738191573204573
-2.7477857602173748, -0.19931460607504325
-2.7477857602173748, -0.7276875040606687
-2.7477857602173748, -0.8730834817145103
-2.734657242967022, 2.0579430026507612
-2.750223913421012, -0.9747894807710225
-2.718527921773731, 0.7666699308956448
-2.723404228181005, 2.991439402570768
-2.713001441178821, -0.2333174516038814
-2.707614283624118, 1.9231793841341518
-2.708775308959183, -0.48779303909447735
-2.703899002551909, 2.234332877910617
-2.695230013383422, 2.0896527080074985
-2.6941463897373614, 2.7233758969959982
-2.6941463897373614, 2.5395398567066247
-2.6941463897373614, 2.3932540627880714
-2.708775308959183, 2.31769086558878
-2.6941463897373614, 1.8008143937432262
-2.6941463897373614, 1.7143242528132785
-2.6941463897373614, 1.6144868679126603
-2.6941463897373614, 1.4847516565177392
-2.6941463897373614, 0.9554889422674027
-2.6941463897373614, -0.7171876721370745
-2.6941463897373614, -0.8898120274910841
-2.6843937769228132, 2.0692719608066534
-2.6648885512937177, 0.8045761037723502
-2.6600122448864436, -0.226898910281097
-2.6466024022664403, 1.9322402560410987
-2.6551359384791695, 1.8915756527437881
-2.6463585869460764, -0.48010502656737053
-2.6502596320718954, 2.230595649598829
-2.6405070192573477, 2.7303164638607473
-2.6405070192573477, 2.5420313422478165
-2.6405070192573477, 2.391474430258649
-2.6405070192573477, 1.7871112232666706
-2.6405070192573477, 1.7050701636602803
-2.6405070192573477, 1.5954447998478365
-2.6405070192573477, 1.4617943968881852
-2.6405070192573477, 0.9362689109496363
-2.6405070192573477, -0.708645435995845
-2.6405070192573477, -0.9024474184499862
-2.6307544064428, 2.0784726609837696
-2.635630712850074, 2.0350140346152648
-2.6210017936282517, -0.2900758650756057
-2.6161254872209776, 2.2845185152403396
-2.611249180813704, 0.8460415417079012
-2.628316253239163, -0.2377546687105756
-2.6031220034682474, 1.921310346256227
-2.625878100035526, 1.888194350937885
-2.6096237453446127, -0.47788641801402365
-2.596620261591882, 2.731358820056552
-2.586867648777334, 2.5420313422478165
-2.586867648777334, 2.387559238693919
-2.586867648777334, 1.7744758323077687
-2.586867648777334, 1.6956381112543393
-2.586867648777334, 1.5762247685300703
-2.586867648777334, 1.4402608432821695
-2.586867648777334, 0.9193624019201199
-2.586867648777334, -0.7022387588899228
-2.586867648777334, -0.9108116913382736
-2.5771150359627866, 2.072742244239028
-2.5635697403870252, -0.29195469564046483
-2.5624861167409643, 2.2692136754873036
-2.55760981033369, 0.8714902868786472
-2.5527335039264165, 2.017217709321037
-2.5478571975191424, 1.9132871696027463
-2.5478571975191424, -0.47996265596501697
-2.5527335039264165, 2.763239665655069
-2.5332282782973206, 2.5400737464654517
-2.5332282782973206, 2.381508488093881
-2.5332282782973206, 2.2040791249104297
-2.5332282782973206, 1.878584335279002
-2.5332282782973206, 1.763264147372405
-2.5332282782973206, 1.6854942058366296
-2.5332282782973206, 1.5584284432358424
-2.5332282782973206, 1.4190832161820384
-2.528677058983865, 0.9120848912964674
-2.5332282782973206, -0.6988574570840198
-2.5332282782973206, -0.9168624419383109
-2.523475665482773, 2.064555934603683
-2.5179027438744597, -0.29329978441292015
-2.508846746260951, 2.258891806816651
-2.4970042878432857, 0.8755580183744707
-2.4990941334464027, 2.0042263918562506
-2.4942178270391286, -0.48779303909447735
-2.4795889078173072, 2.5368704079124904
-2.4795889078173072, 2.373678104964421
-2.4820270610209443, 2.1947538504562543
-2.4795889078173072, 1.900473815390902
-2.4795889078173072, 1.754010058219407
-2.4795889078173072, 1.6765960431895155
-2.4795889078173072, 1.5420558239651527
-2.4795889078173072, 1.4000411481172146
-2.4820270610209443, 0.9493314137155999
-2.4795889078173072, -0.6992133835899041
-2.4795889078173072, -0.9213115232618678
-2.469836295002759, 2.058149257497761
-2.4600836821882113, 2.7853071090199117
-2.4555324628747552, 1.8605269972137919
-2.4600836821882113, -0.29900962037330814
-2.474712601410033, 2.249044506820512
-2.4503310693736635, 0.8563634103785533
-2.4454547629663894, 1.9939045231855983
-2.4625218353918483, -0.49419971620039904
-2.4308258437445676, 0.987700291049955
-2.432451279213659, 2.5355060229732667
-2.4259495373372935, 2.366025685087903
-2.4259495373372935, 1.745823748584062
-2.4259495373372935, 1.6680538070482862
-2.4259495373372935, 1.526750984212117
-2.4259495373372935, 1.3829566758347558
-2.4259495373372935, -0.701882832384038
-2.4259495373372935, -0.9270063473560208
-2.4161969245227457, 2.0545899924389155
-2.4064443117081975, 2.7915358228728913
-2.4064443117081975, 1.888194350937885
-2.4064443117081975, 1.8355172280669705
-2.4064443117081975, -0.30138246374587174
-2.3966916988936497, 0.8323383712313461
-2.391815392486376, 1.980201352709043
-2.377186473264554, 2.2327312086341364
-2.377186473264554, 2.164927209263128
-2.384500932875465, 1.029543900898008
-2.377186473264554, -0.3461342897524231
-2.394253545690013, -0.5201378603167361
-2.394253545690013, 2.522455384424166
-2.391815392486376, 2.3586698706329554
-2.3723101668572797, 1.7394170714781398
-2.3723101668572797, 1.6604013871717682
-2.3723101668572797, 1.5142935565061575
-2.3723101668572797, 1.3672959095758352
-2.3723101668572797, -0.7093572890076141
-2.3723101668572797, -0.9335909877148856
-2.3625575540427324, 2.052276470150666
-2.352804941228184, 2.795806940943506
-2.352804941228184, 1.8803639678084245
-2.352804941228184, 1.8221699840962995
-2.343052328413636, 0.8068896260606002
-2.3381760220063623, 1.9659642924736607
-2.3381760220063623, 1.068139681379865
-2.3235471027845405, 2.2282821273105795
-2.3235471027845405, 2.1524697815571687
-2.3235471027845405, -0.3674898801054969
-2.3186707963772664, 1.7351459534075253
-2.3186707963772664, 1.654528599824673
-2.3186707963772664, 1.503793724582563
-2.3186707963772664, 1.3550164451228182
-2.3186707963772664, -0.7198571209312083
-2.3186707963772664, -0.9414213708443455
-2.3089181835627186, 2.049962947862416
-2.3211089495809034, -0.2964825421815278
-2.3040418771554445, 2.49700663925342
-2.299165570748171, 2.796518793955275
-2.299165570748171, 1.8737793274495602
-2.299165570748171, 1.8098905196432822
-2.2942892643408968, 2.334704152570062
-2.2942892643408968, -0.5555377173811711
-2.2894129579336226, 0.7805510646251426
-2.2845366515263485, 1.9510153792265092
-2.2845366515263485, 1.112986421121319
-2.269907732304527, 2.1369869785511906
-2.269907732304527, -0.3918708457585889
-2.265031425897253, 1.7315866883486797
-2.265031425897253, 1.6495456287422894
-2.265031425897253, 1.4952514884413337
-2.265031425897253, 1.345406429463935
-2.265031425897253, -0.7321365853842257
-2.265031425897253, -0.949785643732632
-2.255278813082705, 2.050496837621243
-2.2504025066754307, 2.495049043471055
-2.245526200268157, 2.7936713819081986
-2.245526200268157, 1.8684404298612918
-2.245526200268157, 1.7979669816961494
-2.2406498938608834, 2.326517842934717
-2.2406498938608834, -0.5698340987008677
-2.2357735874536093, 0.7540345399367432
-2.2308972810463352, 1.9364223924852424
-2.2308972810463352, 1.1560535283333504
-2.2406498938608834, 2.222160191409365
-2.2406498938608834, -0.29139279314737854
-2.2162683618245134, 2.1218601020510968
-2.2308972810463352, -0.40806550177633616
-2.2113920554172397, 1.728561313048661
-2.2113920554172397, 1.6454524739246168
-2.2113920554172397, 1.489734627600123
-2.2113920554172397, 1.3406014216344935
-2.2113920554172397, -0.7458397558607812
-2.2113920554172397, -0.9585058431268036
-2.204565226447056, 2.053415434969496
-2.1967631361954174, 2.4852610645592295
-2.1918868297881433, 2.7886884108258148
-2.1918868297881433, 1.8638133852847927
-2.1918868297881433, 1.7883569660372665
-2.1870105233808697, -0.5858507914656728
-2.1821342169735956, 0.7269841254895169
-2.177257910566322, 1.9228971852616292
-2.177257910566322, 1.1976969295218438
-2.1626289913444996, 2.1076230418157147
-2.157752684937226, 1.7260698275074688
-2.157752684937226, 1.6454524739246168
-2.157752684937226, 1.4856414727824505
-2.157752684937226, 1.3400675318756667
-2.157752684937226, -0.7598988528432211
-2.157752684937226, -0.9663362262562645
-2.148000072122678, 2.2142230303281396
-2.1626289913444996, 2.0498917625612396
-2.1601908381408625, -0.28995722290697756
-2.143123765715404, 2.4704901145650204
-2.143123765715404, 2.3026707670404516
-2.143123765715404, -0.4518444620001367
-2.13824745930813, 2.780680064443412
-2.13824745930813, 1.8590083774553512
-2.1504382253263152, 1.781505380798989
-2.133371152900856, -0.6022234107363627
-2.128494846493582, 0.6995777845364057
-2.123618540086308, 1.910795684061554
-2.123618540086308, 1.2375606981809142
-2.1089896208644863, 2.0951656141097548
-2.104113314457212, 1.7219766726897967
-2.104113314457212, 1.6454524739246168
-2.104113314457212, 1.4849296197706814
-2.104113314457212, 1.3450505029580504
-2.104113314457212, -0.7730681335609497
-2.104113314457212, -0.9739886461327822
-2.0943607016426644, 2.212087471292832
-2.0894843952353908, 2.454651385053158
-2.0919225484390274, 2.295765792826291
-2.0919225484390274, -0.47247040301614707
-2.0846080888281167, 2.769646342760991
-2.0846080888281167, 1.8522457738435445
-2.0797317824208426, -0.6180621402482251
-2.0748554760135685, 0.6714595905715259
-2.0699791696062944, 1.9045669702085746
-2.0846080888281167, 1.7726961997783461
-2.0699791696062944, 1.2708398264811203
-2.0821699356244796, -0.291588552725615
-2.073026861110841, 2.0607074792588063
-2.0498644056762894, 2.0898267165214865
-2.050473943977199, 1.7153920323309324
-2.050473943977199, 1.6454524739246168
-2.050473943977199, 1.4849296197706814
-2.050473943977199, 1.359465526446375
-2.050473943977199, -0.7855255612669092
-2.050473943977199, -0.9800393967328196
-2.0407213311626506, 2.208172279728102
-2.035845024755377, 2.438812655541295
-2.030968718348103, 2.75629909879032
-2.030968718348103, 1.842991684690546
-2.0260924119408292, -0.6342567962659724
-2.021216105533555, 0.6433413966066457
-2.016339799126281, 1.9033212274379785
-2.016339799126281, 1.2970004246636353
-2.011463492719007, 2.085072555335743
-2.001710879904459, 2.0346581081093804
-1.9968345734971853, 1.705604053419107
-1.9968345734971853, 1.649367665489347
-1.9968345734971853, 1.4856414727824505
-1.9968345734971853, 1.3854481613759477
-1.9968345734971853, -0.7956694666846191
-1.9968345734971853, -0.9827088455269539
-1.9870819606826373, 2.2035452351516027
-2.001710879904459, 2.4271857230157328
-1.9822056542753634, 2.282916845963859
-1.9992727267008221, 1.7697598061047983
-2.001710879904459, -0.29909266989134764
-2.001710879904459, -0.5124706101691396
-1.9943964202935482, 2.7426849099402357
-1.9773293478680893, 1.8305342569845866
-1.9724530414608155, -0.6500955257778354
-1.9675767350535416, 0.6157570924005924
-1.9627004286462675, 1.904922896714459
-1.9627004286462675, 1.3165763824872858
-1.9480715094244456, 2.0236243864269587
-1.9431952030171717, 1.6915398717722976
-1.9431952030171717, 1.652037114283481
-1.9431952030171717, 1.4892007378412961
-1.9431952030171717, 1.4167696938937886
-1.9431952030171717, -0.8034998498140795
-1.9431952030171717, -0.9835986617916657
-1.9334425902026238, 2.1967826315397962
-1.92856628379535, 2.2834507357226856
-1.9310044369989867, 1.8211466953918813
-1.918813670980802, -0.5488344348536791
-1.918813670980802, -0.6646885125191022
-1.913937364573528, 2.397347217605744
-1.913937364573528, 0.5999183628887299
-1.9261281305917128, 2.7260453457901326
-1.909061058166254, 1.9104397575556697
-1.909061058166254, 1.7750097220665955
-1.9261281305917128, 1.3273431592902938
-1.9163755177771649, 2.0878691207391213
-1.9236899773880758, -0.30822811687571816
-1.894432138944432, 2.0086754731798075
-1.8937355237433928, 1.6673655614068053
-1.8849842952803388, 1.4769512517219592
-1.901746598555343, 1.4444726402684702
-1.8895558325371582, -0.808660784149406
-1.8895558325371582, -0.9835986617916657
-1.8798032197226102, 2.188418358651509
-1.8749269133153363, 2.2846964784932817
-1.8651743005007884, -0.5689442824361564
-1.8651743005007884, -0.6785696462486
-1.8602979940935145, 2.381686451346823
-1.8700506069080622, 0.5676841331165137
-1.8554216876862404, 1.9188040304439569
-1.850850150429421, 1.781493145825349
-1.8407927684644185, 1.9939045231855983
-1.8407927684644185, 1.3514571800639725
-1.8359164620571446, 2.0969452466391774
-1.8359164620571446, 1.6683588869104726
-1.8392923664929497, 1.4891172971952278
-1.8359164620571446, -0.8115081961964821
-1.8359164620571446, -0.9830647720328383
-1.8310401556498708, 2.687961209660485
-1.8261638492425967, 2.179520196004395
-1.8261638492425967, 0.5369193713471634
-1.8456690748716926, -0.31932115964245344
-1.8286020024462337, 2.2853415952851974
-1.8115349300207748, -0.5878083872480375
-1.8115349300207748, -0.6913830004604442
-1.8017823172062268, 1.9280581195969553
-1.8017823172062268, 1.7752410742954206
-1.787153397984405, 1.9788132393360933
-1.787153397984405, 1.3660501668052394
-1.782277091577131, 2.1044197032627534
-1.7777258722636753, 1.6634209245238067
-1.7790262206389484, 1.5119905331082273
-1.782277091577131, -0.8127539389670781
-1.782277091577131, -0.9809292129975313
-1.7774007851698572, 2.6650039500309313
-1.7774007851698572, 2.3558817796701934
-1.779838938373494, 2.173024537272002
-1.7725244787625831, 0.5071995081058027
-1.7676481723553092, 2.2975098327051255
-1.7578955595407613, -0.6045369330246118
-1.7578955595407613, -0.7013489426252115
-1.7487931209138499, 1.9461512009694755
-1.7481429467262133, 1.8241275798786645
-1.7481429467262133, 1.7538320949664645
-1.7676481723553092, -0.3310667343366438
-1.7289628081909358, 1.5458761017949805
-1.7335140275043914, 1.381888896317102
-1.7286377210971176, 2.1097586008510216
-1.7329403443976534, 1.6746244895049591
-1.735603873107509, 1.505064890675008
-1.7286377210971176, -0.8099065269200016
-1.7286377210971176, -0.9768360581798587
-1.7237614146898437, 2.6409789108837236
-1.7237614146898437, 2.337999015081679
-1.7188851082825696, 0.4773016816114999
-1.7123833664062045, 2.3054186044102867
-1.7042561890607477, -0.6180621402482251
-1.7042561890607477, -0.7084674727429028
-1.6993798826534738, 1.639935613083406
-1.6945035762461997, 1.9526678951466876
-1.6945035762461997, 1.8362290810787396
-1.6945035762461997, 1.7354154406191238
-1.6798746570243779, 1.587436453465434
-1.6798746570243779, 1.3986174420936763
-1.674998350617104, 2.111360270127502
-1.674998350617104, 1.705564506029564
-1.674998350617104, 1.5107342914473119
-1.692065423042563, -0.3439542399038804
-1.674998350617104, -0.8093726371611747
-1.674998350617104, -0.9718530870974753
-1.692065423042563, 2.6281655566718793
-1.6701220442098301, 2.1652831357690125
-1.665245737802556, 0.4472258918642549
-1.660369431395282, 2.3212552153119956
-1.6506168185807342, -0.6280280824129925
-1.6506168185807342, -0.7118487745488062
-1.6414378888729244, 1.6187016808028274
-1.6366845145599518, 1.9505178084988952
-1.6408642057661864, 1.8502881780611795
-1.6174579350112714, 1.6019938475561122
-1.6262352865443646, 1.4155239511231927
-1.6213589801370905, 2.111360270127502
-1.6213589801370905, 1.7210614331032363
-1.6213589801370905, 1.5158952257826381
-1.6213589801370905, -0.8093726371611747
-1.6213589801370905, -0.965802336497438
-1.6164826737298164, 2.1672407315513778
-1.6116063673225427, 0.41732806536995204
-1.602550369709034, 2.3164417330419376
-1.6047795383523593, 2.5917542751198894
-1.6116063673225427, -0.3567764922783714
-1.5969774481007208, -0.6306975312071268
-1.5969774481007208, -0.7154080396076514
-1.5921011416934467, 1.6511828906693584
-1.5906007397219777, 1.9695356825013879
-1.5872248352861726, 1.8643472750436196
-1.5725959160643508, 1.4320745336468248
-1.5677196096570771, 2.107978968321599
-1.563539918450842, 1.7186328198405219
-1.5677196096570771, 1.5219459763826755
-1.5677196096570771, -0.8093726371611747
-1.5677196096570771, -0.9592176961385732
-1.562843303249803, 2.163681466492532
-1.557966996842529, 0.3884980183933031
-1.5530906904352553, 2.318023063660939
-1.543338077620707, -0.627494192654166
-1.543338077620707, -0.7154080396076514
-1.5395870726920347, 1.673531424710643
-1.538461771213433, 1.9910768848332934
-1.5348045414079778, 1.8797114358809695
-1.5360236180097964, 2.9963566967383755
-1.5189565455843375, 1.9178277748849593
-1.5189565455843375, 1.5968685058713747
-1.5189565455843375, 1.4472014101469184
-1.5335854648061593, -0.3669559903466699
-1.5099005479708287, 2.1105492661605227
-1.5140802391770634, 1.7456534123276743
-1.5140802391770634, 1.5288865432474243
-1.5140802391770634, -0.812575975714136
-1.5140802391770634, -0.9510313865032289
-1.5238328519916111, 2.562390338384413
-1.5146897774779728, 2.1484730235015066
-1.5043276263625156, 0.3600238979225381
-1.4994513199552415, 2.3516106615995787
-1.5165183923807004, 2.294884874724227
-1.4896987071406937, -0.617350287236456
-1.4896987071406937, -0.7186113781606127
-1.4807588120606914, 1.8983085958134376
-1.4653171751043237, 1.5885042329830876
-1.4653171751043237, 1.4603706908646472
-1.46044086869705, 2.954372199315076
-1.46044086869705, 2.0981909894097734
-1.4653171751043237, 2.0106528426569437
-1.46044086869705, 1.7787469503783835
-1.46044086869705, 1.5361830366180576
-1.46044086869705, -0.8132878287259047
-1.46044086869705, -0.9424891503619994
-1.455564562289776, 2.1910878074456432
-1.4535327679534116, 1.701562451448517
-1.4506882558825018, 0.33119385094588916
-1.4458119494752282, 2.337907491123023
-1.440935643067954, 2.2807812869285513
-1.4531264090861389, -0.3747863734761303
-1.43605933666068, -0.6000878517010548
-1.43605933666068, -0.7209249004488623
-1.4311830302534063, 2.5317094735771644
-1.4263067238461322, 1.9106177208086121
-1.4116778046243104, 1.5711248501671813
-1.4116778046243104, 1.4715823758000104
-1.4068014982170363, 2.929279380650215
-1.4068014982170363, 2.0898267165214865
-1.4068014982170363, 1.8022380997667644
-1.408752020779946, 1.543070214506924
-1.4068014982170363, -0.8113302329435399
-1.4068014982170363, -0.9334130244619434
-1.4019251918097622, 2.2015876393692375
-1.4019251918097622, 1.6971626631212118
-1.3970488854024885, 0.3037875099927785
-1.3883798962340013, 2.3658477218349607
-1.3872962725879403, 2.2756203525932257
-1.3824199661806666, -0.5803339306244619
-1.3824199661806666, -0.7232384227371118
-1.3775436597733925, 2.514447038041763
-1.3726673533661184, 1.9152447653851112
-1.3672492351358145, 2.0424819000072496
-1.3580384341442966, 1.48012461194124
-1.3726673533661184, -0.37987612251027914
-1.353162127737023, 2.9089559771642066
-1.3751055065697555, 2.0829751312832085
-1.3751055065697555, 1.8157633069903774
-1.353162127737023, 1.563544886757933
-1.353162127737023, -0.8072370781258673
-1.353162127737023, -0.9232691190442326
-1.3482858213297488, 2.2129772875575435
-1.3482858213297488, 1.7335442841310447
-1.3482858213297488, 1.677485859454227
-1.3434095149224747, 0.2767370955455517
-1.339996100437383, 2.3726993070732387
-1.333656902107927, 2.2661171148861077
-1.3287805957006529, -0.5588003770184464
-1.3287805957006529, -0.7232384227371118
-1.3239042892933792, 2.499498124794612
-1.3190279828861051, 1.9146098179219353
-1.3043990636642833, 1.4868872155530466
-1.2995227572570092, 2.8696616909145516
-1.2995227572570092, 1.5648351203417648
-1.2995227572570092, -0.8004744745140608
-1.2995227572570092, -0.9133031768794648
-1.295691373651294, 2.2321470371943195
-1.2946464508497355, 2.0698829679750883
-1.2946464508497355, 1.8508220678200062
-1.2946464508497355, 1.7454678220781774
-1.2946464508497355, 1.6767740064424579
-1.2897701444424614, 0.25075446061597884
-1.2848938380351873, 2.396101474835148
-1.289073529241422, 2.045640983148104
-1.2946464508497355, -0.37758293887950867
-1.2824556848315503, -0.5421608128683433
-1.2751412252206396, -0.7232384227371118
-1.2702649188133655, 2.489532182629844
-1.2640882640308186, 1.9401358923633045
-1.2873319912388244, 1.9038551171968054
-1.2653886124060914, -0.9889121360580848
-1.2507596931842695, 1.492226113141315
-1.2458833867769958, 2.8415434969496713
-1.2413118495201765, 1.5618060374739766
-1.2458833867769958, -0.791576311866947
-1.2458833867769958, -0.9031592714617558
-1.2410070803697217, 2.225434715263503
-1.2410070803697217, 1.75739136002531
-1.2410070803697217, 1.6767740064424579
-1.2361307739624476, 0.22619553170994466
-1.231254467555174, 2.401796298929301
-1.2297915756329916, 2.070810071778512
-1.2215018547406258, -0.7202130474370931
-1.2166255483333521, 2.484193285041576
-1.2166255483333521, 2.2832727724697435
-1.211749241926078, 1.9647185497030648
-1.211749241926078, 1.8981094464589545
-1.2190637015369887, -0.37087118191140034
-1.2215018547406258, -0.519648461371145
-1.1971203227042562, 1.496675194464872
-1.192244016296982, 2.8141371559965607
-1.192244016296982, 1.5664723822688338
-1.192244016296982, -0.7810764799433523
-1.192244016296982, -0.892125549779335
-1.1893182324526177, 2.2108061358716475
-1.1873677098897084, 1.7682471184547892
-1.1873677098897084, 1.679977344995419
-1.1824914034824343, 0.20270438232156396
-1.1776150970751602, 2.407669086276396
-1.1730638777617046, 2.081197551451624
-1.1727387906678866, -0.9887595961269913
-1.1678624842606125, -0.7141622968370553
-1.1629861778533384, 2.4817017995003843
-1.1629861778533384, 2.2909251923462612
-1.1581098714460643, 1.9759302346384284
-1.1581098714460643, 1.904719510139668
-1.1404011797564904, 1.5137268840428417
-1.1483572586315165, 2.7940018850922343
-1.1386046458169687, 1.5972244323772593
-1.145106387693334, 1.5388722591069632
-1.1386046458169687, -0.768797015490335
-1.1386046458169687, -0.8810918280969124
-1.1337283394096946, 2.240383628510654
-1.1337283394096946, 1.7798147298960372
-1.1337283394096946, 1.6862060588483987
-1.1288520330024205, 0.18010304919789455
-1.1288520330024205, -0.4853015535532852
-1.1410427990206058, 2.4054890364278534
-1.1239757265951469, 2.11741102072754
-1.1239757265951469, 2.0661576038801632
-1.1288520330024205, -0.35629796886490483
-1.1190994201878728, -0.9828868087798961
-1.1142231137805987, -0.7049082076840572
-1.1148326520815082, 2.483058769304069
-1.109346807373325, 2.2978657592110103
-1.0979687590896856, 1.954100075610842
-1.1054970917886342, 1.9079547839530568
-1.0908681725668123, 1.5116294599903075
-1.084965275336955, 1.6030972197243545
-1.084965275336955, -0.7565175510373181
-1.084965275336955, -0.8695242166556643
-1.0800889689296813, 2.240561591763597
-1.0800889689296813, 1.79173826784317
-1.0800889689296813, 1.695282184748455
-1.0752126625224072, 0.16017116486835947
-1.0752126625224072, -0.4744457951238066
-1.0703363561151331, 2.1334277134923445
-1.0727745093187702, 2.0620288564119025
-1.0654600497078595, -0.9786156907092813
-1.0605837433005854, -0.6936965227486938
-1.067898202911496, 2.759650740054066
-1.0557074368933113, 2.4991421982887276
-1.0557074368933113, 2.3202891290817376
-1.0516916551461444, 1.9617155070465526
-1.0508311304860376, 1.8999399256320753
-1.0630218965042224, 2.4045102385366706
-1.0581455900969483, -0.3382445855386491
-1.0362022112642153, 1.5226324060725958
-1.0313259048569416, 1.6063005582773155
-1.0313259048569416, -0.7435262335725312
-1.0313259048569416, -0.8590243847320709
-1.0264495984496675, 2.240561591763597
-1.0264495984496675, 1.804017732296187
-1.0264495984496675, 1.7063159064308762
-1.0215732920423934, 0.14023928053882395
-1.0161551738120895, 2.151382228344744
-1.0118206792278457, -0.9738106828798401
-1.0069443728205716, -0.6807052052839073
-1.002068066413298, 2.508574250694668
-1.002068066413298, 2.3332804465465236
-0.9971917600060238, 1.9786945971674648
-0.9971917600060238, 1.8997619623791329
-0.982562840784202, 1.5219205530608264
-0.9776865343769279, 1.6102157498420457
-0.9776865343769279, -0.7296450998430339
-0.9776865343769279, -0.8492364058202453
-0.9728102279696542, 2.2414514080283077
-0.9728102279696542, 1.817364976266858
-0.9728102279696542, 1.7189512973897778
-0.9679339215623801, 2.7208844114548065
-0.9679339215623801, 2.0520985068977238
-0.9679339215623801, 0.12315480825636493
-0.982562840784202, 2.4102198929019023
-0.963057615155106, 2.1718677761278773
-0.982562840784202, -0.31344837229535827
-0.982562840784202, -0.45178514091582267
-0.9581813087478324, -0.9700734545680518
-0.9533050023405583, -0.6664681450485248
-0.9484286959332842, 2.5181842663535514
-0.9484286959332842, 2.342890462205407
-0.9450152814481925, 1.9944918019203077
-0.9435523895260105, 1.8967365870791142
-0.926729132420915, 1.5158130237086598
-0.9240471638969145, 1.6102157498420457
-0.9240471638969145, -0.7157639661135362
-0.9240471638969145, -0.8415839859437271
-0.9191708574896404, 2.2421632610400772
-0.9191708574896404, 1.8308901834904712
-0.9191708574896404, 1.7322985413604488
-0.9142945510823663, 2.707181240978251
-0.9142945510823663, 2.0400224290194977
-0.9142945510823663, 0.10767200525038723
-0.9094182446750927, 2.187884468892682
-0.9045419382678186, -0.9681158587856871
-0.8996656318605445, -0.6527649745719697
-0.8947893254532708, 2.5265485392418383
-0.8947893254532708, 2.348229359793675
-0.8899130190459967, 2.434185610964796
-0.8899130190459967, 1.9974637882444441
-0.8899130190459967, 1.896024734067345
-0.9069800914714556, -0.28767336116088504
-0.8899130190459967, -0.4354718427294473
-0.8752840998241753, 1.5215781856599284
-0.8704077934169008, 1.612529272130295
-0.8704077934169008, -0.7008150528663846
-0.8704077934169008, -0.8348213823319206
-0.8655314870096271, 1.8453052069787959
-0.8655314870096271, 1.745823748584062
-0.860655180602353, 2.6963254825487724
-0.856754135476534, 2.0327954260619174
-0.860655180602353, 0.09396883477383167
-0.8541534387259877, 2.2038022931836303
-0.8509025677878053, -0.9659802997503801
-0.8460262613805312, -0.6394177306012989
-0.8411499549732571, 2.533489106106587
-0.8411499549732571, 2.3501869555760404
-0.8362736485659834, 2.448244707947236
-0.8342418542296195, 1.8910981180150597
-0.8362736485659834, -0.4292431288764673
-0.8265210357514352, -0.2612458180989563
-0.8216447293441616, 1.5525556558887472
-0.8216447293441616, 1.5061072468708128
-0.8167684229368875, 1.6141309414067757
-0.8167684229368875, -0.6864000293780603
-0.8167684229368875, -0.8298384112495367
-0.8070158101223397, 1.8655048836318058
-0.8118921165296134, 1.7600608088194443
-0.8070158101223397, 2.6895628789369654
-0.80964151357241, 2.217748071684496
-0.8070158101223401, 2.0391678523036822
-0.8070158101223397, 0.08240122333258348
-0.7972631973077915, -0.9659802997503801
-0.7903550965641535, -0.6297632241291802
-0.7875105844932437, 2.5386500404419134
-0.7875105844932437, 2.350720845334867
-0.7785706894132414, 2.4712316281189466
-0.7826342780859696, -0.4230144150234878
-0.7728816652714219, -0.24576301509297815
-0.7680053588641478, 1.5594962227534963
-0.7680053588641478, 1.5045055775943321
-0.7631290524568737, 1.6176902064656213
-0.7626414218161464, -0.672145172817384
-0.7631290524568737, -0.825567293178922
-0.7582527460495991, 1.8773640158302543
-0.7582527460496, 1.7728741630312883
-0.7606908992532371, 2.689829823816379
-0.7533764396423259, 2.2131552508104857
-0.7533764396423255, 2.059314916804533
-0.7533764396423259, 0.07225731791487355
-0.7436238268277782, -0.9645565937268419
-0.7387475204205041, -0.613435095671726
-0.7436238268277782, 2.5409127160864653
-0.73387121401323, 2.3528564043701743
-0.7289949076059563, 2.4929134844357477
-0.7485001332350518, 2.2614426134421572
-0.7289949076059563, -0.41589588490579654
-0.7192422947914081, -0.2320598446164226
-0.7143659883841345, 1.5662588263653028
-0.7143659883841345, 1.5045055775943321
-0.7094896819768604, 1.623207067306832
-0.7094896819768604, -0.6589936884249492
-0.7094896819768604, -0.8243215504083263
-0.7046133755695858, 1.887731646480235
-0.7046133755695863, 1.7851536274843056
-0.6997370691623126, 2.2131552508104857
-0.6997370691623126, 2.1010828922700857
-0.6997370691623126, 2.0350140346152648
-0.6997370691623126, 0.061045632979510156
-0.6899844563477644, -0.9615312184268223
-0.6851081499404907, -0.6024013739893048
-0.6802318435332166, 2.355169926658424
-0.6757306376188099, 2.5108603940209266
-0.6753555371259425, -0.4096671710528166
-0.6656029243113948, -0.21800074763398314
-0.6607266179041207, 1.5724875402182825
-0.6607266179041207, 1.5045055775943321
-0.6704792307186689, 2.278930469097952
-0.6558503114968466, 1.6305035606774654
-0.6558503114968466, -0.6472481137307589
-0.6558503114968466, -0.8218300648671342
-0.6509740050895729, 2.7021982698958675
-0.6509740050895729, 1.9237870015263405
-0.6509740050895729, 1.8757369232319254
-0.6509740050895729, 1.7947636431431886
-0.6424404688768433, 2.5224798543714457
-0.6460976986822988, 2.2131552508104857
-0.6485358518859359, 2.112143308440448
-0.6460976986822988, 2.038446183064866
-0.6485358518859359, 0.04159424943291912
-0.6363450858677511, -0.9565482473444389
-0.6280928750246719, -0.5990063827024055
-0.6265924730532029, 2.3597969712349234
-0.6217161666459292, -0.403972346958664
-0.611963553831381, -0.20465350366331192
-0.6070872474241074, 1.5774705113006664
-0.6070872474241074, 1.5036157613296206
-0.6022109410168333, 1.6408254293481175
-0.6005855055477416, -0.6371042083130489
-0.6022109410168333, -0.8220080281200768
-0.6046490942204703, 2.7116080768951902
-0.5973346346095592, 1.9360664659793578
-0.5973346346095592, 1.878584335279002
-0.5973346346095592, 1.8009923569961683
-0.5997727878131962, 2.5207424881145966
-0.5924583282022855, 2.213689140569312
-0.5924583282022855, 2.1453512514394775
-0.5902639903190119, 2.029527173293836
-0.5924583282022855, 0.05232543358533848
-0.5875820217950114, 2.2916370453580304
-0.5827057153877373, -0.9433789666267103
-0.5778294089804636, -0.5826474529127119
-0.5729531025731895, 2.367983280870268
-0.5680767961659154, -0.3993453023821645
-0.5583241833513677, -0.19290792896912112
-0.5534478769440936, 1.5836992251536461
-0.5534478769440936, 1.5011242757884289
-0.5485715705368199, 1.653282857054077
-0.5485715705368199, -0.6280280824129925
-0.5485715705368199, -0.8244995136612685
-0.5436952641295458, 1.9458544448911832
-0.5436952641295458, 1.8833893431084432
-0.5436952641295458, 1.8050855118138407
-0.5388189577222717, 2.219028038157581
-0.5388189577222717, 2.153893487580707
-0.5399799830573366, 2.031862349795584
-0.5388189577222717, 0.049655984791204144
-0.5301499685537845, 2.294504231099878
-0.5241900385004499, -0.5744611432773667
-0.5266281917040869, 2.3773485970563555
-0.5144374256859021, -0.3950741843115497
-0.5046848128713539, -0.18258606029846902
-0.49980850646408026, 2.7408162957843416
-0.49980850646408026, 1.5892160859948568
-0.49980850646408026, 1.500590386029602
-0.5144374256859021, 2.521802852496711
-0.49493220005680616, 1.667341954036517
-0.49493220005680616, -0.6209095522953016
-0.49493220005680616, -0.825033403420095
-0.49005589364953206, 1.9488798201912019
-0.49005589364953206, 1.8926434322614418
-0.49005589364953206, 1.8024160630197064
-0.4851795872422584, 2.2284600905635217
-0.49980850646408026, 2.15912560721721
-0.4855859461095311, 2.043380426113706
-0.4851795872422584, 0.046274682985300686
-0.4844829720412194, 2.2931370213471154
-0.47055066802043655, -0.5680544661714451
-0.46079805520588835, -0.3906251029879928
-0.4510454423913406, -0.17279808138664388
-0.4591726197367971, 2.7449687716863282
-0.4461691359840665, 1.5959786896066634
-0.4461691359840665, 1.4995226065119485
-0.44129282957679283, 1.681934940777784
-0.44129282957679283, -0.6155706547070334
-0.44129282957679283, -0.825033403420095
-0.43641652316951873, 1.9404452094457996
-0.43641652316951873, 1.9026093744262094
-0.43641652316951873, 1.799390687719688
-0.4339783699658817, 2.2378209576682853
-0.43154021676224463, 2.0529374765187374
-0.43154021676224463, 0.046096719732358515
-0.426663910354971, 2.289323523069781
-0.4217876039476969, 2.4117622410940687
-0.43641652316951873, 2.168522066972562
-0.43154021676224463, 2.524412980206531
-0.4291020635586076, -0.5633681005106315
-0.407158684725875, -0.3881336174468011
-0.3974060719113268, -0.16478973500424132
-0.39252976550405316, 1.6030972197243545
-0.39252976550405316, 1.496675194464872
-0.38765345909677906, 1.6961720010131662
-0.38765345909677906, -0.6114774998893608
-0.38765345909677906, -0.8288596133583543
-0.3869568438957396, 1.924081387451559
-0.38277715268950496, 1.7940517901314195
-0.3779008462822313, 2.060971246222989
-0.3779008462822313, 0.046096719732358515
-0.3730245398749572, 2.2884692994556577
-0.3681482334676831, 2.426889117594162
-0.3559574674494983, 2.159908645530156
-0.35351931424586125, -0.38653194817032066
-0.3437667014313135, 2.524412980206531
-0.3437667014313135, -0.16283213922187656
-0.35839562065313535, -0.5572343003925546
-0.3559574674494983, 2.2479025759474656
-0.3388903950240394, 1.611639455865584
-0.3388903950240394, 1.4950735251883913
-0.33401408861676574, 1.7096972082367794
-0.33401408861676574, -0.6096978673599383
-0.33401408861676574, -0.8374908311260545
-0.32913778220949164, 1.9305496051381472
-0.32913778220949164, 1.7885349292902089
-0.3208855713664125, 2.067423717902241
-0.32426147580221754, 0.046096719732358515
-0.3193851693949439, 2.291992971863915
-0.3145088629876698, 2.4402363615648333
-0.2998799437658479, -0.3852862053997246
-0.2901273309512997, 2.5274383555065496
-0.2901273309512997, 2.1556731201101296
-0.28525102454402607, 1.62071558176564
-0.28525102454402607, 1.4927600029001418
-0.28037471813675197, 1.7194851871486048
-0.28037471813675197, -0.1510865645276862
-0.28037471813675197, -0.6096978673599383
-0.28037471813675197, -0.8419399124496119
-0.27092687447265895, 1.9273338374056155
-0.27549841172947787, 1.7863993702549015
-0.27062210532220377, 2.0734007082749137
-0.2706221053222042, 0.046096719732358515
-0.2657457989149301, 2.3000013182463177
-0.260869492507656, 2.450380266982543
-0.2779365649331149, 2.2483919748930568
-0.2779365649331149, -0.5470548023242561
-0.24624057328583415, -0.3831506463644172
-0.2364879604712864, 2.53135354707128
-0.2364879604712864, 2.1463522947372775
-0.2316116540640123, 1.630325597424523
-0.2316116540640123, 1.491514260129546
-0.22673534765673864, 1.725891864254527
-0.22673534765673864, -0.14645951995118667
-0.22673534765673864, -0.6096978673599383
-0.22673534765673864, -0.8463889937731688
-0.22185904124946454, 1.9602694683795079
-0.22185904124946454, 1.9051008599674013
-0.22185904124946454, 1.7894247455549201
-0.21495094050582653, 2.1128610935606487
-0.21698273484219044, 2.049784984609474
-0.21698273484219044, 0.046986535997070256
-0.21210642843491678, 2.3096113339052007
-0.20723012202764268, 2.4569649073414075
-0.19260120280582083, -0.3826167566055907
-0.18284858999127307, 2.5386500404419134
-0.18187332870981798, 2.136025976985302
-0.19747750921309493, 2.2536122303126973
-0.17797228358399897, 1.6406474660951753
-0.17797228358399897, 1.4888448113354116
-0.19747750921309493, -0.5444446746144362
-0.17309597717672487, 1.7241122317251039
-0.17309597717672487, -0.1436121079041106
-0.17309597717672487, -0.6112995366364187
-0.17309597717672487, -0.8510160383496679
-0.1682196707694512, 1.9745065286148902
-0.1682196707694512, 1.8910417629849614
-0.1682196707694512, 1.7981449449490918
-0.1592797756894484, 2.1248024278330755
-0.1633433643621771, 2.0432003442506095
-0.1633433643621771, 0.04894413177943546
-0.158467057954903, 2.3177976435405454
-0.1470890096712636, 2.457854723606119
-0.13896183232580706, -0.3826167566055907
-0.1292092195112593, 2.544878754294893
-0.1243329131039852, 1.6497235919952313
-0.1243329131039852, 1.4888448113354116
-0.11945660669671154, 1.7205529666662585
-0.11945660669671154, -0.14005284284526454
-0.11945660669671154, -0.6145028751893795
-0.11945660669671154, -0.8542193769026287
-0.11458030028943744, 1.9880317358385031
-0.11458030028943744, 1.8764487762436945
-0.11458030028943744, 1.8113142256668204
-0.11701845349307449, 2.224900825504676
-0.10970399388216334, 2.141724190855702
-0.10970399388216334, 2.0330411848397905
-0.10970399388216334, 0.05001191129708893
-0.11214214708580039, 2.322291215677338
-0.11701845349307449, 2.46225931411644
-0.11945660669671154, -0.542487078832071
-0.08532246184579373, -0.3826167566055907
-0.08776061504943078, 2.549861725377277
-0.07069354262397187, 1.6575539751246917
-0.07069354262397187, 1.486531289047162
-0.06581723621669777, 1.7155699955838748
-0.06581723621669777, -0.1396969163393802
-0.06581723621669777, -0.6175282504893982
-0.06581723621669777, -0.8563549359379365
-0.06407569821409975, 2.0082668840786644
-0.060940929809424116, 1.8569795963718094
-0.06581723621669777, 1.8212010730525028
-0.056064623402150016, 2.2174263688811005
-0.056064623402150016, 2.145812261009004
-0.056064623402150016, 0.05001191129708893
-0.04143570418032816, 2.3272551192683353
-0.03168309136577996, -0.3826167566055907
-0.04387385738396521, 2.4627487130620316
-0.04143570418032816, -0.5411820149771609
-0.017054172143958102, 1.661647129942364
-0.017054172143958102, 1.4854635095295083
-0.012177865736684446, 1.7121886937779713
-0.012177865736684446, -0.1379172838099576
-0.012177865736684446, -0.6194858462717634
-0.012177865736684446, -0.8570667889497052
-0.007301559329410345, 2.014726223779845
-0.007301559329410345, 1.8432459179090352
-0.002425252922136245, 2.213333214063428
-0.002425252922136245, 2.141791986380632
-0.002425252922136245, 0.05001191129708893
0.021956279114233368, -0.3826167566055907
0.036585198336055225, 1.6600454606658837
0.036585198336055225, 1.485285546276566
0.041461504743329325, 1.7143242528132785
0.041461504743329325, -0.13898506332761107
0.041461504743329325, -0.6180621402482251
0.041461504743329325, -0.8563549359379365
0.04971371558640847, 2.0112432286865465
0.050130493911816565, 1.840780138171046
0.039023351539692275, 2.327674604078842
0.05121411755787708, 2.2174263688811005
0.05121411755787708, 2.1455868408886105
0.05121411755787708, 0.05001191129708893
0.039023351539692275, 2.46225931411644
0.039023351539692275, -0.5411820149771609
0.0755956495942467, -0.3826167566055907
0.090224568816069, 1.654528599824673
0.090224568816069, 1.4879549950707
0.09510087522334265, 2.5484380193537386
0.09510087522334265, 1.7182394443780087
0.09510087522334265, -0.13987487959232237
0.09510087522334265, -0.6159265812129178
0.09510087522334265, -0.855643082926167
0.09997718163061675, 2.0104093437299024
0.09997718163061675, 1.8737793274495602
0.09997718163061675, 1.81362774795507
0.10485348803789085, 2.1417241908557014
0.10485348803789085, 0.05001191129708893
0.11460610085243861, 2.321890798358218
0.11216794764880156, 2.224900825504676
0.11704425405607566, 2.4614436492071214
0.12923502007426046, -0.3826167566055907
0.11460610085243861, -0.5411820149771609
0.14386393929608232, 1.6456304371775592
0.14386393929608232, 1.4888448113354116
0.14874024570335642, 2.5422093055007586
0.14874024570335642, 1.7232224154603926
0.14874024570335642, -0.14236636513351453
0.14874024570335642, -0.6127232426599569
0.14874024570335642, -0.852261781120264
0.15361655211063008, 2.0426664544917825
0.15361655211063008, 1.976998014156082
0.15361655211063008, 1.8885502774437692
0.15361655211063008, 1.8002805039843992
0.16186876295370967, 2.127352321826515
0.15849285851790418, 0.04876616852649285
0.16824547133245193, 2.3153061579993537
0.1828743905542738, -0.3826167566055907
0.19750330977609565, 2.4567869440884653
0.19750330977609565, 1.6358424582657338
0.19750330977609565, 1.4893787010942383
0.20237961618336975, 2.534912812130125
0.20237961618336975, 1.7255359377486421
0.20237961618336975, -0.14503581392764886
0.20237961618336975, -0.6096978673599383
0.20237961618336975, -0.8479906630496492
0.20725592259064385, 2.0490731315977047
0.20725592259064385, 1.9627609539206996
0.20725592259064385, 1.9024314111732672
0.20725592259064385, 1.7908484515784584
0.192627003368822, 2.2536122303126973
0.20905245653016546, 2.123899186270336
0.21213222899791795, 0.04680857274412764
0.192627003368822, -0.5457497384693459
0.2218848418124657, 2.3069418851110663
0.23651376103428756, -0.3831506463644172
0.2511426802561094, 2.4510921199943123
0.2511426802561094, 1.6260544793539085
0.2511426802561094, 1.4925820396471994
0.2560189866633835, 2.52904002478303
0.2560189866633835, 1.7226885257015658
0.2560189866633835, -0.149128968745321
0.2560189866633835, -0.6096978673599383
0.2560189866633835, -0.8433636184731501
0.26427119750646266, 2.057631795116129
0.2608952930706572, 1.9394296889786131
0.2511426802561094, 1.9102872176245764
0.2608952930706572, 1.7863993702549015
0.2657715994779313, 2.1556731201101296
0.26197891671671814, 2.0963955379245336
0.2657715994779313, 0.046096719732358515
0.27552421229247903, 2.2975098327051255
0.2901531315143009, -0.3851082421467824
0.2730860590888424, 2.2483919748930568
0.2730860590888424, -0.5480336002154385
0.30478205073612274, 2.4413041410824867
0.30478205073612274, 1.6164444636950253
0.30478205073612274, 1.4929379661530842
0.30965835714339685, 2.5265485392418383
0.30965835714339685, 1.7136123998015096
0.3102001689664271, -0.15858079484603316
0.30965835714339685, -0.6096978673599383
0.30965835714339685, -0.8389145371495927
0.3119089601006002, 2.0663050917408894
0.31453466355067095, 1.9307275683910896
0.31453466355067095, 1.7878230762784397
0.3194109699579446, 2.156140273649103
0.3194109699579446, 0.046096719732358515
0.3291635827724928, 2.2891811524674273
0.3437925019943142, -0.38653194817032066
0.3584214212161365, 2.427956897111816
0.3584214212161365, 1.6075463010479114
0.3584214212161365, 1.496675194464872
0.35110696160522537, 2.5234341823153486
0.3632977276234106, 1.7009770088426077
0.3632977276234106, -0.16301010247481873
0.3632977276234106, -0.6100537938658226
0.3632977276234106, -0.8327748049230843
0.35110696160522537, 2.2479025759474656
0.3681740340306847, 2.0617593692003044
0.3702058283670482, 1.9271028618185957
0.3681740340306847, 1.7929840106137658
0.36085957441977357, 2.160300164686629
0.37305034043795793, 0.046096719732358515
0.35598326801249947, -0.5573321801816724
0.38280295325250613, 2.2903913025874347
0.39743187247432843, -0.38777769094091674
0.41206079169614984, 2.41265205735878
0.41206079169614984, 1.5998938811713934
0.41206079169614984, 1.497387047476641
0.41693709810342394, 1.6872738383660524
0.41693709810342394, -0.16817103681014478
0.41693709810342394, -0.6143249119364369
0.41693709810342394, -0.825033403420095
0.42181340451069804, 2.053649329530506
0.42181340451069804, 1.9205612057057464
0.42181340451069804, 1.7981449449490918
0.42668971091797214, 0.046096719732358515
0.43156601732524624, 2.2373582532106355
0.4340041705288824, 2.289501486322723
0.43644232373251945, -0.5646731643655416
0.42668971091797214, 2.524412980206531
0.43156601732524624, 2.168522066972562
0.45107124295434176, -0.39044713973505063
0.4601272405678509, 2.7447823339927697
0.44131863013979356, 2.408914829046992
0.46570016217616317, 1.59259738780076
0.46570016217616317, 1.500590386029602
0.47057646858343727, 1.6725028883718434
0.47057646858343727, -0.17706919945725863
0.47057646858343727, -0.6189519565129364
0.47057646858343727, -0.825033403420095
0.47626549272525676, 2.0439630439060767
0.47545277499071137, 1.9488798201912019
0.47545277499071137, 1.8947789912967492
0.47545277499071137, 1.802060136513822
0.48032908139798547, 0.046274682985300686
0.48520538780525957, 2.2275702742988104
0.49008169421253367, -0.5709018782185216
0.5047106134343551, 2.2934166778874534
0.5047106134343551, -0.3945402945527232
0.502272460230718, 2.739748516266688
0.5095869198416292, 2.1576307158924948
0.5193395326561774, 1.5867246004536648
0.5193395326561774, 1.500590386029602
0.5242158390634515, 1.6582658281364608
0.5242158390634515, -0.18703514162202595
0.5242158390634515, -0.6253586336188586
0.5242158390634515, -0.825033403420095
0.5095869198416292, 2.521802852496711
0.5290921454707247, 2.374923847735017
0.5312864833539983, 2.0328233917159513
0.5290921454707247, 1.9465662979029523
0.5290921454707247, 1.8849910123849238
0.5290921454707247, 1.805263475066783
0.5339684518779988, 0.049655984791204144
0.5388447582852729, 2.2183161851458117
0.543721064692547, -0.5780204083362124
0.5620072137198244, 2.29415077630584
0.5583499839143684, -0.39898937587628014
0.5632262903216425, 2.148910516498323
0.5729789031361907, 1.5808518131065696
0.5729789031361907, 1.5020140920531402
0.5778552095434648, 1.6454524739246168
0.5778552095434648, -0.19806886330444762
0.5778552095434648, -0.6335449432542037
0.5778552095434648, -0.8228978443847881
0.5778552095434648, -0.9433789666267103
0.5827315159507389, 2.3663816115937877
0.5815704906156736, 2.0288873368855134
0.5827315159507389, 1.938202025014665
0.5827315159507389, 1.879296188290771
0.5827315159507389, 1.8018821732608796
0.5876078223580121, 0.05232543358533848
0.5924841287652862, 2.21351117731637
0.5973604351725603, -0.5869185709833262
0.6022367415798344, 2.519430009124147
0.6071130479871085, 2.7098506897723853
0.5973604351725603, 2.289893005479196
0.6119893543943826, -0.4037943837057214
0.617407472624687, 2.1272385470289077
0.626618273616204, 1.575334952265359
0.626618273616204, 1.5045055775943321
0.6314945800234781, 1.6337068992304264
0.6314945800234781, -0.2107042542633497
0.6348704844592836, -0.636351286858293
0.6314945800234781, -0.821118211855365
0.6314945800234781, -0.9565482473444389
0.6363708864307522, 2.3581953019584425
0.6363708864307522, 2.038564825233494
0.6363708864307522, 1.9261005238145903
0.6363708864307522, 1.87609284973781
0.6363708864307522, 1.7961873491667268
0.6461234992453004, 2.2131552508104857
0.6461234992453004, 0.04253745467351333
0.6504579938295434, -0.5966472288108373
0.6591269829980302, 2.5175091924140567
0.6534379588562107, 2.7010859995649783
0.665628724874396, -0.4089553180410479
0.6607524184671218, 2.1080043916434477
0.665628724874396, 2.279321988254425
0.6802576440962174, 1.5694621649182636
0.6802576440962174, 1.5045055775943321
0.6851339505034915, 1.6253426263421393
0.6851339505034915, -0.2242294614869622
0.6851339505034915, -0.6545446071013923
0.6851339505034915, -0.8236096973965568
0.6851339505034915, -0.9615312184268223
0.6900102569107656, 2.3542801103937125
0.6900102569107656, 2.035191997868207
0.6900102569107656, 1.9082211490023229
0.6900102569107656, 1.8718217316671952
0.6900102569107656, 1.7869332600137282
0.6997628697253138, 2.2131552508104857
0.6997628697253138, 0.06246933900304796
0.7046391761325879, -0.6072063818187461
0.7136951737460961, 2.5067946181652454
0.7192680953544093, -0.41553995839991176
0.7338970145762316, 1.5635893775711684
0.7338970145762316, 1.5045055775943321
0.7387733209835048, 2.0901826430273713
0.7387733209835048, 1.6198257655009287
0.7387733209835048, -0.23900041148117168
0.7408051153198691, -0.6633686183931138
0.7387733209835048, -0.825033403420095
0.7387733209835048, -0.964734556979784
0.7436496273907789, 2.3523225146113473
0.7456814217271432, 2.036726930924834
0.7436496273907789, 1.8789555157779958
0.7436496273907789, 1.7753656485724802
0.7534022402053271, 2.2131552508104857
0.7534022402053271, 0.07314713417958485
0.7577909159718734, -0.618898567537054
0.7631548530198753, 2.6888510259251963
0.7631548530198753, 2.5400737464654517
0.7534022402053271, 2.482184842615513
0.7436496273907789, 2.260137549587247
0.7729074658344226, -0.4223025620117187
0.7875363850562449, 1.5564708474534774
0.7875363850562449, 1.5050394673531589
0.792412691463519, 1.6148427944185448
0.792412691463519, -0.25181376569301595
0.792412691463519, -0.6812390950427338
0.792412691463519, -0.8280587787201137
0.792412691463519, -0.9659802997503801
0.7972889978707931, 2.3501869555760404
0.7939130934349876, 2.051911862775483
0.7972889978707931, 1.872651379403531
0.7972889978707931, 1.7621963678547516
0.811592829998796, 2.217353206210446
0.8104175151211459, 2.026852366045712
0.8070416106853404, 0.08364696610317957
0.8119179170926145, -0.6317653107247807
0.8167942234998886, 2.6920543644781576
0.8167942234998886, 2.535446701888952
0.8216705299071627, 2.4502023037296006
0.8265468363144368, -0.42906516562352515
0.8411757555362582, 1.5475370921557754
0.8411757555362582, 1.506463173376697
0.8460520619435323, 1.6137750149008914
0.8338612959253471, -0.2651610096636867
0.8460520619435323, -0.6954761552781163
0.8460520619435323, -0.8328637865495554
0.8460520619435323, -0.9659802997503801
0.8509283683508064, 2.3501869555760404
0.8509283683508064, 1.896024734067345
0.8509283683508064, 1.8477966925199876
0.8509283683508064, 1.7486711606311385
0.8606809811653537, 2.199096153828046
0.8595973575192932, 2.0260960982733796
0.8606809811653537, 0.0952145775444273
0.8655572875726278, -0.6454684812013358
0.8704335939799019, 2.6984610415840793
0.8704335939799019, 2.5292179880359726
0.875309900387176, 2.4372109862648146
0.8801862067944501, -0.43475998971767815
0.8948151260162716, 1.5168036858167053
0.8996914324235457, 1.610393713094988
0.8996914324235457, -0.7102471052723254
0.8996914324235457, -0.8389145371495927
0.8996914324235457, -0.9682938220386292
0.9045677388308198, 2.3471615802760213
0.9045677388308198, 2.003552673827255
0.9045677388308198, 1.896024734067345
0.9045677388308198, 1.833381669031663
0.9045677388308198, 1.7346120636486984
0.914320351645368, 2.2423412242930194
0.914320351645368, 2.1850370568456055
0.914320351645368, 0.10927367452686765
0.9208220935217328, 2.0430930013361364
0.9021295856271827, -0.28767336116088504
0.9191966580526421, -0.6589936884249492
0.9240729644599153, 2.7105625427841544
0.9240729644599153, 2.5213876049065123
0.9070058920344568, 2.4265331910882777
0.9094440452380939, -0.4374294385118125
0.9439032771828302, 1.5180223103773287
0.953330802903559, 1.6102157498420457
0.953330802903559, -0.7248400920135922
0.953330802903559, -0.8462110305202266
0.953330802903559, -0.9700734545680518
0.9582071093108331, 2.340398976664215
0.9582071093108331, 1.9927181014993165
0.9582071093108331, 1.8979823298497103
0.9582071093108331, 1.81985646180805
0.9582071093108331, 1.7212648196780276
0.9679597221253813, 2.2414514080283077
0.9679597221253813, 2.168842400827858
0.9679597221253813, 0.12511240403873014
0.9679597221253813, 2.0526323966565503
0.9728360285326554, -0.6730527854073891
0.9703978753290183, 2.723108952116585
0.9777123349399295, 2.512133515753514
0.9777123349399295, -0.31410090422281334
0.9777123349399295, -0.4511326089883676
0.9801504881435665, 2.408914829046992
1.002093866976299, 1.5221239396356177
1.0069701733835732, 1.6075463010479114
1.0069701733835732, -0.7385432624901478
1.0069701733835732, -0.8554651196732248
1.0069701733835732, -0.9738106828798401
1.0118464797908464, 2.3300771079935627
1.0138782741272108, 1.9688962370658847
1.0118464797908464, 1.8999399256320753
1.0118464797908464, 1.806509217837379
1.0118464797908464, 1.7084514654661833
1.0215990926053946, 2.240561591763597
1.0232245280744863, 2.1463794835675882
1.0215990926053946, 0.14184094981530482
1.0264753990126687, -0.6869339191368873
1.0313517054199428, 2.5025235000946306
1.0599129286625475, 1.5178891405962158
1.0606095438635865, 1.6045209257478927
1.0606095438635865, -0.751890506460819
1.0606095438635865, -0.8656090250909347
1.0606095438635865, -0.9786156907092813
1.0654858502708606, 2.315484121252296
1.055358136963445, 1.9611273425218962
1.0696655414770957, 1.9064466011372698
1.0654858502708606, 1.7938738268784773
1.0654858502708606, 1.6970618172778775
1.0532950842526754, -0.3382445855386491
1.0703621566781347, 2.0622424123154333
1.0703621566781347, -0.4744457951238066
1.0630476970672236, 2.759324474090339
1.075238463085408, 2.240561591763597
1.075238463085408, 2.1307582646982106
1.075238463085408, 0.16212876065072424
1.0606095438635865, 2.406304701337172
1.080114769492682, -0.6992133835899041
1.0831624609972286, 2.490399753487938
1.1093726079363257, 1.5137554295270224
1.1142489143435998, 1.6000718444243358
1.1142489143435998, -0.764347934166778
1.1142489143435998, -0.8768207100262986
1.1142489143435998, -0.9828868087798961
1.119125220750874, 2.2937726043933377
1.1148225974503383, 1.9074084002975686
1.119125220750874, 1.7819502889313446
1.119125220750874, 1.6874518016189946
1.1260333214945115, 2.0692067076139082
1.124001527158148, -0.4853015535532852
1.1288778335654222, 2.240383628510654
1.126927311002512, 2.1135527774037515
1.1288778335654222, 0.18223860823320193
1.124001527158148, -0.35629796886490483
1.1337541399726954, -0.7093572890076141
1.1386304463799695, 2.4811679097415573
1.1483830591945177, 1.9764641243972552
1.1532593656017918, 2.7986543529905825
1.1532593656017918, 2.4071351965175696
1.16301197841634, 1.5197659265341323
1.1678882848236132, 1.5929533143066446
1.1678882848236132, -0.7768053618727375
1.1678882848236132, -0.8882103582146046
1.1678882848236132, -0.9887595961269913
1.1727645912308873, 2.289323523069781
1.1727645912308873, 1.9005755086782978
1.1727645912308873, 1.7703826774900966
1.1727645912308873, 1.6808671612601302
1.1750151941880906, 2.0800937128269927
1.1844677266083448, 2.2108061358716475
1.1825172040454355, 0.2048399413568709
1.1873935104527096, -0.7173656353900166
1.1922698168599837, 2.48294754227098
1.202022429674531, 1.9659642924736607
1.206898736081805, 2.8233912451495593
1.206898736081805, 2.4039318579646083
1.2166513488963533, 1.5603968015577907
1.2166513488963533, 1.4948955619354491
1.2215276553036274, -0.7878390835551592
1.2215276553036274, -0.8990661166440832
1.2190895020999903, 2.2819158026660586
1.2215276553036274, 1.9005303116616774
1.2264039617109006, 1.759170992554733
1.2264039617109006, 1.6771299329483422
1.2312802681181747, 2.0678609664440395
1.2142131956927162, -0.3703817829658087
1.2361565745254488, 2.225434715263503
1.2361565745254488, 0.22833109074525204
1.2276230383127196, -0.5250318497726489
1.241032880932723, -0.7219926799665157
1.245909187339997, 2.4872186603415947
1.2556618001545443, 1.952795011755932
1.2605381065618184, 2.851509439114439
1.2605381065618184, 2.3989488868822244
1.2702907193763666, 1.5658520532157207
1.2702907193763666, 1.4902685173589498
1.2605381065618184, -0.9889121360580848
1.2751670257836407, -0.7976270624669843
1.2751670257836407, -0.9099218750735627
1.2800433321909148, 1.747781344366427
1.2800433321909148, 1.6767740064424579
1.2879673301027346, 2.059475825245735
1.2940985683059987, 2.2369253256109944
1.2897959450054621, 1.850644104567064
1.2897959450054621, 0.2534239094101136
1.2897959450054621, -0.54580905955366
1.2977520238804887, 1.916260092575582
1.2946722514127362, -0.7232384227371118
1.2995485578200103, 2.4955829332298816
1.2897959450054621, -0.37758293887950867
1.3141774770418326, 2.8845750115111146
1.3141774770418326, 2.3836440471291884
1.32393008985638, 1.5643012305829376
1.32393008985638, 1.483861840253028
1.328806396263654, -0.8047455925846756
1.328806396263654, -0.9195318907324452
1.3336827026709281, 1.7355018799134099
1.3336827026709281, 1.6771299329483422
1.3450607509545671, 2.074383460905051
1.344410576766931, 2.271295845546728
1.3434353154854763, 2.2129772875575435
1.3434353154854763, 0.27905061783380125
1.3434353154854763, -0.5666307601479068
1.343760402579294, 1.9131816628170732
1.3483116218927496, -0.7232384227371118
1.3531879283000237, 2.5082183241887837
1.367816847521846, 2.916643989691313
1.367816847521846, 2.3694069868938064
1.3629405411145719, 2.0352936911556023
1.3821206796498506, 1.5579557106901298
1.3775694603363933, 1.476387383629452
1.367816847521846, -0.37987612251027914
1.3824457667436674, -0.8099065269200016
1.3824457667436674, -0.9300317226560395
1.3873220731509415, 1.7192716312450742
1.3873220731509415, 1.6792654919836496
1.3921983795582156, 2.087691157486179
1.3921983795582156, 1.806509217837379
1.3970746859654897, 2.2756203525932257
1.3970746859654897, 2.2015876393692375
1.3970746859654897, 0.3062789955339702
1.3970746859654897, -0.5879863505009801
1.4019509923727638, 1.9120414268321502
1.4019509923727638, -0.7230604594841696
1.4068272987800379, 2.525480759724185
1.4214562180018593, 2.937821616791444
1.4252489007630729, 2.33844138088185
1.4312088308164075, 1.559899606126832
1.4312088308164075, 1.4667773679705691
1.4360851372236816, -0.8132878287259047
1.4360851372236816, -0.9391078485560964
1.4367817524247197, 1.6975751262523506
1.445837750038229, 2.0974791363980048
1.445837750038229, 1.7830180684489982
1.4433995968345918, 2.2826499010844454
1.450714056445503, 2.1910878074456432
1.450714056445503, 0.33386329974002305
1.450714056445503, -0.6066724920599196
1.455590362852777, 1.9075923455085932
1.455590362852777, -0.7193232311723818
1.445837750038229, 2.5385076698395594
1.4629048224636882, 2.010739846913938
1.448275903241866, -0.3747863734761303
1.4653429756673253, 2.9589992438915753
1.4750955884818726, 2.3491191760583865
1.4848482012964208, 1.5924194245478178
1.4848482012964208, 1.531911918547443
1.4848482012964208, 1.4550317932763788
1.489724507703695, -0.8132878287259047
1.489724507703695, -0.9480060112032103
1.4986644027836968, 1.7069862346836255
1.497038967314606, 2.1088247174951054
1.4994771205182422, 1.7602387720723864
1.5043534269255163, 0.36251538346373025
1.5043534269255163, -0.6216214053070708
1.5163225426524622, 2.142503839392401
1.5092297333327904, 1.898472999961394
1.5092297333327904, -0.7168317456311897
1.5287349589618868, 2.34627176401131
1.5287349589618868, 2.2960861266815877
1.5189823461473386, 2.562390338384413
1.5384875717764341, 1.9894554418620414
1.5262968057582498, 1.5984701751478552
1.5384875717764341, 1.5251493149356363
1.5384875717764341, 1.4400828800292274
1.540782304203387, 1.6730967971100934
1.5287349589618868, -0.3669559903466699
1.5433638781837082, -0.8100844901729438
1.5433638781837082, -0.9563702840914967
1.531173112165523, 2.9963566967383755
1.5531164909982564, 1.7310607080677616
1.5579927974055305, 0.391167467187437
1.5579927974055305, -0.6305195679541851
1.5628691038128038, 2.164749246010186
1.5628691038128038, 2.108156931574541
1.5409257249800712, 1.9126642982174482
1.5628691038128038, 1.8693302461260033
1.5628691038128038, -0.7154080396076514
1.5785816466806866, 2.314505888323821
1.5921269422564475, 1.9715370846229388
1.5921269422564475, 1.5189206010826568
1.5921269422564475, 1.424600077023249
1.5970032486637216, 1.6464253397073685
1.5970032486637216, -0.8093726371611747
1.5970032486637216, -0.963666777462131
1.6067558614782698, 1.7215444762183656
1.6018795550709957, 2.5929288325893083
1.6116321678855439, 0.4201754774170281
1.6116321678855439, -0.6294517884365307
1.616508474292818, 2.1665288785396086
1.616508474292818, 2.111360270127502
1.616508474292818, 1.8552711491435632
1.616508474292818, -0.7141622968370553
1.625956317956911, 1.609308905248221
1.6067558614782698, -0.3567764922783714
1.6258547282400935, 1.9458735123825697
1.6360136999219135, 2.3205179389783774
1.6457663127364617, 1.5121579974708501
1.6457663127364617, 1.4078715312466747
1.6506426191437358, -0.8093726371611747
1.6506426191437358, -0.9697175280621675
1.664966769215103, 1.7147870985116056
1.6652715383655572, 0.45007330391133094
1.6652715383655572, -0.6251806703659164
1.6677096915691942, 2.1655856732990144
1.6701478447728313, 2.111360270127502
1.6701478447728313, 1.8413900154140657
1.6701478447728313, -0.7106030317782102
1.6719443787123538, 1.616371137482535
1.6799004575873795, 1.9526678951466871
1.6939556937024633, 2.3171282624311593
1.699405683216475, 1.508954658917889
1.699405683216475, 1.3909650222171583
1.6872149171982898, -0.3439542399038804
1.704281989623749, -0.8093726371611747
1.704281989623749, -0.9755903154092636
1.7091582960310232, 2.636885756066051
1.7094833831248408, 1.7329700560348844
1.7140346024382964, 1.5682164221476678
1.7189109088455705, 0.4799711304056342
1.7189109088455705, -0.6137910221776104
1.7237872152528446, 2.1097586008510216
1.7237872152528446, 1.828220734696337
1.7237872152528446, -0.7059759872017111
1.730695315996483, 1.6465400271370418
1.7381113653242117, 1.9499083348006667
1.7315893055044826, 1.6877365428237023
1.7421314155468757, 2.3258195490279343
1.7562959246346717, 1.5101344422923548
1.7530450536964883, 1.3745924029464687
1.7579213601037624, -0.8118641227023664
1.7579213601037624, -0.9795055069739931
1.7627976665110365, 2.6607328319603165
1.7676739729183106, 1.7602387720723864
1.7676739729183106, 1.5297005603488456
1.7725502793255847, 0.5100469201528792
1.7725502793255847, -0.5986641456775166
1.777426585732858, 2.1044197032627534
1.7652358197146736, 1.8183734347001976
1.777426585732858, -0.6970778245545972
1.782302892140132, 2.1741812984161264
1.7796771886900622, 1.6634245895382955
1.7627976665110365, -0.3310667343366438
1.7833865157861926, 1.9616694459693202
1.7902268900519527, 2.2907249836867014
1.784741045343769, 2.3580173387055003
1.8066844241765017, 1.3589316366875481
1.8115607305837758, -0.812575975714136
1.8115607305837758, -0.9823529190210696
1.8164370369910499, 2.6836900915898703
1.821313343398324, 1.9236090382733984
1.823751496601961, 1.7776880690233772
1.821313343398324, 1.4968559825313528
1.826189649805598, 0.5395888201412973
1.826189649805598, -0.5812237468891737
1.8310659562128722, 2.0969452466391774
1.8310659562128722, -0.6856881763662908
1.8359422626201454, 2.1818337182926446
1.8359422626201454, 1.6685368501634152
1.8408185690274195, 1.9953282292091366
1.8456948754346936, 2.285942221263878
1.8554474882492418, 2.381686451346823
1.8641164774177286, 1.779004008410411
1.8481330286383306, 1.3488767128963095
1.8408185690274195, -0.3186686277149984
1.865200101063789, -0.8093726371611747
1.865200101063789, -0.9835986617916657
1.8481330286383306, 2.697660206945839
1.8749527138783373, 1.9147108756262843
1.8737916885432728, 1.471353404485454
1.8700764074710632, 0.5745077527007569
1.8798290202856114, -0.5616477890655229
1.8847053266928855, -0.67234093239562
1.8895816331001596, 2.1905539176868163
1.894132852413616, 1.6667623022983624
1.8944579395074337, 2.010099179203346
1.899334245914707, 2.283628698975628
1.909086858729255, 2.397525180858686
1.909086858729255, 1.774871306203196
1.9139631651365292, 0.6015200321652103
1.9188394715438033, -0.8056354088493869
1.9188394715438033, -0.9835986617916657
1.9115250119328921, 2.0878691207391213
1.9237157779510774, 1.426557672805614
1.9285920843583506, 1.9077703087615354
1.9285920843583506, 1.4893787010942383
1.9334683907656247, 1.822525910602184
1.9237157779510774, -0.5450972065418909
1.9212776247474403, 2.7265347447357238
1.9383446971728988, 1.3225084909186953
1.9188394715438033, -0.3075755849482631
1.9383446971728988, -0.6579259089072957
1.943221003580173, 2.198918190575103
1.943221003580173, 1.672805425901845
1.948097309987447, 2.0246921659446127
1.9529736163947211, 2.2827388827109165
1.9676025356165425, 0.6177146881829576
1.9724788420238166, -0.7988728052375804
1.9724788420238166, -0.9834206985387235
1.9773551484310907, 1.393278544505408
1.9822314548383648, 1.9038551171968054
1.9822314548383648, 1.4863533257942199
1.987107761245638, 1.8339155587904898
1.9919840676529121, 1.304652844540153
1.9919840676529121, -0.6429769956601441
1.9968603740601862, 2.204613014669256
1.9968603740601862, 1.7066718329367607
1.9968603740601862, 1.6490117389834624
1.9992985272638233, 2.0352097941935012
2.0066129868747344, 2.749714458431456
1.9919840676529121, 2.283628698975628
1.9944222208565492, 1.7697598061047983
2.0163655996892818, 2.433829684458911
2.0163655996892818, 2.08697930447441
1.9968603740601862, -0.29909266989134764
1.9968603740601862, -0.511818078241685
2.021241906096556, 0.6458328821478374
2.02611821250383, -0.7896187160845818
2.02611821250383, -0.9814631027563587
2.030994518911104, 1.365160350540528
2.035870825318378, 1.902965300932094
2.035870825318378, 1.4849296197706814
2.0407471317256523, 1.8458390967376226
2.0456234381329264, 1.2818735481635415
2.0456234381329264, -0.626960302895339
2.0504997445401996, 2.2092400592457553
2.0504997445401996, 1.7161038853427015
2.0504997445401996, 1.6454524739246168
2.0602523573547478, 2.765019298184492
2.070004970169296, 2.4502023037296006
2.070004970169296, 2.0901826430273713
2.07488127657657, 0.6743070026186024
2.0797575829838433, -0.7775172148845066
2.0797575829838433, -0.975946241915147
2.070004970169296, 2.044410494370617
2.0846338893911174, 1.348609768016896
2.0895101957983915, 2.295730200175703
2.0895101957983915, 1.9068804924968241
2.0895101957983915, 1.4849296197706814
2.0895101957983915, -0.47142041982378746
2.0943865022056656, 1.8543813328788519
2.0797575829838433, 1.773087718934819
2.0773194297802062, -0.2910991537800238
2.0992628086129397, 1.2498401626339313
2.0992628086129397, -0.6107656468775917
2.104139115020214, 2.2131552508104857
2.104139115020214, 1.722332599195681
2.104139115020214, 1.6454524739246168
2.113891727834761, 2.7772987626375087
2.1236443406493093, 2.4662189964944057
2.1236443406493093, 2.0992587689274274
2.1285206470565834, 0.7020692700775975
2.1333969534638575, -0.764881823925605
2.1333969534638575, -0.9695395648092262
2.1382732598711307, 1.3400675318756667
2.1407114130747678, 2.3034004163775155
2.143149566278405, 1.9157786551439382
2.143149566278405, 1.485285546276566
2.1407114130747678, -0.45093684941013157
2.148025872685679, 1.8602541202259473
2.152902179092953, 1.2128238060219374
2.152902179092953, -0.5945709908598444
2.150464025889316, 2.2146234476472593
2.157778485500227, 1.7831960317019404
2.157778485500227, 1.7264257540133536
2.157778485500227, 1.6454524739246168
2.1675310983147753, 2.785663035525796
2.15534033229659, -0.28995722290697756
2.162654791907501, 2.051234113954861
2.1772837111293226, 2.4813458729944995
2.1772837111293226, 2.1127839761510403
2.1821600175365967, 0.7294756110307086
2.187036323943871, -0.7508227269431647
2.187036323943871, -0.961175291920938
2.191912630351145, 1.3398895686227243
2.196788936758419, 1.9289479358616668
2.196788936758419, 1.4886668480824692
2.2016652431656922, 1.8654150545612733
2.2065415495729663, 1.1715363313393288
2.2065415495729663, -0.5783763348420972
2.2114178559802404, 1.7926280841078812
2.2114178559802404, 1.7289172395545456
2.2114178559802404, 1.6458084004305014
2.2211704687947886, 2.7922476758846604
2.230923081609336, 2.494337190459286
2.230923081609336, 2.127376962892307
2.23579938801661, 2.326517842934717
2.23579938801661, 2.050496837621243
2.23579938801661, 0.7565260254779353
2.240675694423884, -0.402192714429241
2.240675694423884, -0.7369415932136674
2.240675694423884, -0.9531669455385359
2.2455520008311582, 1.3439827234403967
2.233361234812973, -0.29060975483443263
2.23579938801661, 2.221768672252892
2.2504283072384323, 1.9430070328441067
2.2504283072384323, 1.4943616721766224
2.2553046136457064, 1.8696861726318879
2.2601809200529797, 1.1286471873802397
2.2528664604420694, -0.5661413612023152
2.2650572264602538, 1.8034838425373603
2.2650572264602538, 1.7315866883486797
2.2650572264602538, 1.6499015552481737
2.274809839274802, 2.7961628674493904
2.28456245208935, 2.4941592272063438
2.28456245208935, 2.1426818026453436
2.2894387584966243, 2.334704152570062
2.2894387584966243, 2.05103072738007
2.2894387584966243, 0.7826866236604499
2.2943150649038975, -0.3787015650408603
2.2943150649038975, -0.7239502757488809
2.2943150649038975, -0.944268782891422
2.2991913713111716, 1.3519910698227995
2.3040676777184457, 1.9577779828383157
2.3040676777184457, 1.5020140920531402
2.3089439841257198, 1.8752030334730985
2.311382137329357, 1.0865588780593907
2.318696596940268, 2.2282821273105795
2.318696596940268, 1.815407380484493
2.318696596940268, 1.7355018799134099
2.318696596940268, 1.6550624895834998
2.3284492097548153, 2.796518793955275
2.316258443736631, -0.2964825421815278
2.3089439841257198, -0.5457497384693459
2.318696596940268, 2.5035319585279705
2.3382018225693635, 2.1567408996277835
2.318696596940268, 2.340398976664215
2.3430781289766376, 2.051208690633012
2.3430781289766376, 0.8093811116017919
2.3479544353839117, -0.3546765258936526
2.3479544353839117, -0.7125606275605749
2.3479544353839117, -0.9362604365090199
2.352830741791185, 1.3637366445169898
2.357707048198459, 1.972548932832525
2.357707048198459, 1.5121579974708501
2.362583354605733, 1.8823215635907897
2.362583354605733, 1.0442926054855999
2.3723359674202813, 2.2329091718870786
2.3723359674202813, 1.8280427714433947
2.3723359674202813, 1.740128924489909
2.3723359674202813, 1.6611132401835373
2.3820885802348286, 2.7929595288964295
2.3820885802348286, 2.168130547816089
2.396717499456651, 2.053166286415377
2.396717499456651, 0.8344739302666531
2.401593805863925, -0.3015604269988139
2.3869648866421027, -0.341507245175924
2.401593805863925, -0.7045522811781728
2.401593805863925, -0.9291419063913278
2.406470112271199, 2.3630003097878842
2.406470112271199, 1.3785075945111989
2.3894030398457398, -0.5201378603167361
2.391841193049377, 2.523760448279076
2.411346418678473, 1.9866080298149649
2.411346418678473, 1.524793388429752
2.4162227250857464, 1.8906858364790768
2.4162227250857464, 0.9949967844205885
2.4259753379002946, 1.8415679786670078
2.4259753379002946, 1.746535601595831
2.4259753379002946, 1.6687656600600553
2.435727950714843, 2.7886884108258148
2.4503568699366642, 2.0572594412330494
2.4503568699366642, 0.8584989694138607
2.4552331763439383, -0.29900962037330814
2.4552331763439383, -0.6997472733487311
2.4552331763439383, -0.9232691190442326
2.4601094827512124, 2.3715425459291137
2.4601094827512124, 1.3954141035407153
2.4649857891584865, 2.537226334418375
2.4649857891584865, 1.9997773105326935
2.4649857891584865, 1.5392084119180764
2.470674813300306, 1.896187867049209
2.4674239423621236, 0.9577490755797697
2.479614708380308, 2.1951809622633154
2.4649857891584865, 1.8502169927600027
2.479614708380308, 1.754721911231176
2.479614708380308, 1.6773078962012846
2.479614708380308, -0.4899285981297843
2.4723002487693977, 2.781347426641946
2.489367321194856, 2.255510505010748
2.5039962404166776, 2.0634881550860293
2.5039962404166776, 0.8789647435022228
2.5130522380301867, -0.29329978441292015
2.5088725468239517, -0.6983235673251929
2.5088725468239517, -0.9184641112147913
2.5137488532312258, 2.3797288555644585
2.5137488532312258, 1.4135663553408278
2.5186251596385, 2.539361893453682
2.5186251596385, 2.0084975099268654
2.5186251596385, 1.5552251046828816
2.5186251596385, 0.9246301142072113
2.5272941488069876, 1.8933058510362826
2.530815925656685, 2.204737588946316
2.533254078860322, 1.764331926890059
2.533254078860322, 1.6865619853542833
2.533254078860322, -0.4804965457238439
2.5430066916748695, 2.2658323736814
2.557635610896692, 2.0697168689390093
2.5621868302101483, 0.8825121443442057
2.5587192345427523, -0.29195469564046483
2.562511917303966, -0.7008150528663846
2.562511917303966, -0.9131252136265235
2.568781454113317, 2.7456213036137833
2.567388223711239, 2.3861355326703806
2.567388223711239, 1.4343880559350743
2.572264530118513, 2.5420313422478165
2.560073764100329, 2.020984598174982
2.572264530118513, 1.5730214299771095
2.570871299716435, 0.9197437517478533
2.5771408365257873, 1.9200497732145527
2.5527593044894177, 1.8686183931142342
2.5868934493403355, 1.7755436118254226
2.5868934493403355, 1.6963499642661084
2.5868934493403355, -0.4788652159052065
2.596646062154883, 2.280247397169725
2.61545467258294, 2.067482158948491
2.611274981376705, 0.8424822766490556
2.616151287783979, -0.2900758650756057
2.616151287783979, -0.7059759872017111
2.616151287783979, -0.9056507570029471
2.6210275941912533, 2.730138500607805
2.6210275941912533, 2.3904066507409953
2.6210275941912533, 1.455743646288148
2.6259039005985265, 2.5420313422478165
2.6259039005985265, 1.5918855347889909
2.6259039005985265, 0.9323537193849063
2.6292563612535274, 1.9065468113975574
2.6307802070058006, 2.0340352367240824
2.640532819820349, 1.7881790027843243
2.640532819820349, 1.7059599799249914
2.6283420538021636, -0.47788641801402365
2.645409126227623, 2.230595649598829
2.645409126227623, -0.230280212087
2.6307802070058006, 2.289501486322723
2.6649143518567184, 2.088758937003833
2.6649143518567184, 0.801016838713505
2.6697906582639925, -0.7136284070782288
2.6697906582639925, -0.8951509250793537
2.6746669646712666, 2.727469051813671
2.6746669646712666, 2.3932540627880714
2.6746669646712666, 1.4787009059177019
2.6795432710785407, 2.540251709718394
2.6795432710785407, 1.611105566106757
2.6795432710785407, 0.9522856037144418
2.684419577485815, 1.8990501093673637
2.694172190300362, 1.8022380997667644
2.694172190300362, 1.71521406907799
2.6990484967076362, 2.234332877910617
2.6990484967076362, 1.9443061645905853
2.703351120008173, -0.22704546825410787
2.6990484967076362, -0.4872591493356504
2.7185537223367318, 2.3231365411288136
2.715506030832186, 2.065658565258371
2.694172190300362, 2.0448020135270903
2.7185537223367318, 0.764000482101511
2.723430028744006, -0.7239502757488809
2.723430028744006, -0.8793121955674899
2.72830633515128, 2.9867615113505708
2.72830633515128, 2.7102066162782696
2.72830633515128, 2.393965915799841
2.72830633515128, 1.5009463125354865
2.733182641558554, 2.537226334418375
2.733182641558554, 1.6299696709186386
2.733182641558554, 0.9707937820204382
2.738058947965828, 1.9129312430968617
2.7478115607803755, 1.8170090497609734
2.7478115607803755, 1.7239342684721617
2.7526878671876496, 2.2375362164635777
2.7526878671876496, -0.1964671940279672
2.730744488354917, -0.24656384973121837
2.760815044533107, -0.49713610987394663
2.7624404800021978, -0.9770140214328009
2.772193092816746, 2.3437802784701183
2.772193092816746, 2.060818706291895
2.77511887666111, 2.1029426082633327
2.77706939922402, -0.7344501076724756
2.77706939922402, -0.86133790702032
2.7819457056312933, 2.953660346303307
2.7819457056312933, 2.692944180742869
2.7819457056312933, 2.3893914127551623
2.7819457056312933, 1.5240815354179829
2.7868220120385674, 2.5327772530948183
2.7868220120385674, 1.6474100697069818
2.7868220120385674, 0.9875223277970129
2.7904792418440234, 1.925551803784685
2.8014509312603897, 1.8323138895140094
2.8014509312603897, 1.7321205781075064
2.7843838588349303, 0.7165732751923937
2.806327237667664, 2.240561591763597
2.810506928873898, 1.9649600712606292
2.806327237667664, -0.18151828078081556
2.7843838588349303, -0.5069240887857722
2.816079850482211, -0.98395458829755
2.8246133866949403, 2.3716039856235818
2.8307087697040334, 2.070250758697836
2.8307087697040334, -0.7437041968254738
2.8307087697040334, -0.8433636184731501
2.8355850761113075, 2.9175338059560243
2.8355850761113075, 2.6609107952132587
2.8355850761113075, 1.5456150890239986
2.8404613825185807, 2.528150208518319
2.8404613825185807, 1.6630708359659023
2.8404613825185807, 1.0019373512853371
2.855090301740403, 1.8470848395082184
2.855090301740403, 1.740128924489909
2.859966608147677, 2.239493812245943
2.859966608147677, 1.987853772585561
2.859966608147677, 1.9360664659793578
2.859966608147677, -0.17030659584545216
2.852652148536766, 2.12343211078542
2.864842914554951, 0.6632732809361808
2.852652148536766, -0.9875138533563952
2.871344656431316, 2.3940697276973903
2.859966608147677, -0.5320465679927904
2.862404761351314, 2.076123546044931
2.8843481401840467, -0.7485092046549155
2.8843481401840467, -0.8316180437789593
2.889224446591321, 2.8796276330793193
2.889224446591321, 2.65788541991324
2.889224446591321, 1.5655469733535337
2.894100752998595, 2.523345200688877
2.894100752998595, 1.6757062269248042
2.894100752998595, 1.0147507054971814
2.9087296722204163, 1.8604320834788894
2.9087296722204163, 1.7479593076193694
2.9136059786276904, 2.0004891635444624
2.889224446591321, 1.9371342454970115
2.9136059786276904, -0.16585751452189523
2.9184822850349645, 0.6372906460066083
2.9374138275573225, 2.401844453691862
2.9282348978495127, 2.238044682900556
2.93798751066406, -0.7419245642960508
2.93798751066406, -0.8316180437789593
2.942863817071334, 2.8443553163461597
2.942863817071334, 2.6523685590720296
2.942863817071334, 1.5831653353948192
2.9477401234786083, 2.5178283398476666
2.9477401234786083, 1.6837145733072065
2.9477401234786083, 1.0250725741678335
2.9526164298858824, -0.5703679884596946
2.93798751066406, 2.138766611080613
2.9574927362931565, 2.084309855680276
2.9623690427004297, 1.8718217316671952
2.9623690427004297, 1.754721911231176
2.9672453491077038, 2.0106330689621723
2.9672453491077038, -0.15304416031005097
2.972121655514978, 0.6143333863770541
2.9574927362931565, -0.9871223341999231
2.9867505747368, 2.4340076477118533
2.9867505747368, 2.377949223035036
2.9916268811440734, -0.7296450998430339
2.9916268811440734, -0.8392704636554775
2.9965031875513475, 2.804764424674934
2.9965031875513475, 2.64774151449553
2.9965031875513475, 1.5984701751478552
3.0013794939586216, 2.514269074788821
3.0013794939586216, 1.6885195811366482
3.0013794939586216, 1.0329029572972934
3.0062558003658957, -0.5878083872480375
3.01113210677317, 2.088580973750891
3.016008413180444, 1.8800080413025402
3.016008413180444, 1.7607726618312134
3.020884719587718, 2.0184634520916327
3.020884719587718, -0.14290025489234104
3.025761025994991, 0.5972489140945956
3.020884719587718, 2.2370379193553394
3.0403899452168135, 2.4487785977060623
3.0403899452168135, 2.373678104964421
3.020884719587718, 2.1485545899924388
3.0452662516240876, -0.7127385908135175
3.0452662516240876, -0.8536854871438022
3.0501425580313617, 2.7872647048022765
3.0501425580313617, 2.6450720657013957
3.0501425580313617, 1.610393713094988
3.055018864438635, 2.510709809729976
3.055018864438635, 1.6924347727013784
3.055018864438635, 1.03806389163262
3.059895170845909, -0.605426749289323
3.064771477253183, 2.0917843123038518
3.069647783660457, 1.8858808286496354
3.069647783660457, 1.7657556329135973
3.0745240900677313, 2.024158276185786
3.0745240900677313, -0.13987487959232237
3.0794003964750054, 0.5862151924121743
3.094029315696827, 2.457320833847292
3.094029315696827, 2.3710086561702868
3.098905622104101, -0.7006370896134424
3.098905622104101, -0.8641853190673965
3.094029315696827, 2.7747055838089216
3.103781928511375, 2.64774151449553
3.103781928511375, 1.6157326106832564
3.106220081715012, 2.5099267714170295
3.094029315696827, 2.2362548810423934
3.106220081715012, 1.6924347727013784
3.106220081715012, 1.040946896330285
3.096467468900464, 2.1524697815571687
3.108658234918649, -0.6153531440645481
3.1146181649719837, 2.0939594187287014
3.1171917711313784, 1.8884390504106805
3.1171917711313784, 1.7670681119040466
3.1198040781352745, 2.025226055703439
3.1198040781352745, -0.1379172838099576
3.1224744364059243, 0.5814991662092042
3.131414331485928, 2.459812319388484
3.131414331485928, 2.3704154453271458
3.135477920158656, -0.6948532838928183
3.135477920158656, -0.8690793085233093
3.142792379769567, 2.64774151449553
3.142792379769567, 2.5087522139476106
3.142792379769567, 1.6924347727013784
3.142792379769567, 1.618046132971506
3.142792379769567, 1.0425129729561768
3.142792379769567, -0.6194858462717634
-0.33460750156579877, 2.7985074626865667
-0.2695449318168932, 2.820895522388059
-0.15800909796162665, 2.8432835820895517
-0.0743572225701774, 2.85820895522388
-0.009294652821272287, 2.85820895522388
0.08365187539144969, 2.8507462686567155
0.15800909796162754, 2.8432835820895517
0.22307166771053266, 2.828358208955223
0.27883958463816594, 2.8059701492537306
0.34390215438707106, 2.783582089552238
0.41825937695724846, 2.7537313432835813
0, 2.641791044776119
-0.009294652821272287, 2.5522388059701484
-0.0743572225701774, 2.641791044776119
-0.13012513949781024, 2.641791044776119
-0.21377701488925993, 2.6492537313432827
-0.3160181959232542, 2.6268656716417906
-0.38108076567215976, 2.6194029850746263
-0.41825937695724846, 2.611940298507462
-0.45543798824233717, 2.6044776119402977
-0.5019112523486982, 2.5895522388059695
-0.5390898636337869, 2.582089552238805
-0.5762684749188756, 2.5746268656716413
-0.6692150031315971, 2.5522388059701484
-0.697098961595414, 2.5447761194029845
0.0743572225701774, 2.641791044776119
0.15800909796162754, 2.6343283582089545
0.2509556261743495, 2.6343283582089545
0.32531284874452693, 2.6194029850746263
0.41825937695724846, 2.6044776119402977
0.5019112523486982, 2.582089552238805
0.557679169276331, 2.5746268656716413
0.6320363918465093, 2.5522388059701484
0.6970989615954144, 2.5447761194029845
-0.5483845164550591, -0.9253731343283578
-0.5297952108125146, -0.91044776119403
-0.49261659952742587, -0.8955223880597014
-0.46473264106360945, -0.8731343283582085
-0.42755402977852075, -0.8582089552238807
-0.3531968072083429, -0.805970149253731
-0.3160181959232542, -0.7835820895522385
-0.2788395846381655, -0.761194029850746
-0.25095562617434863, -0.7462686567164178
-0.21377701488925993, -0.7313432835820892
-0.17659840360417123, -0.716417910447761
-0.13941979231908253, -0.7014925373134324
-0.09294652821272198, -0.6940298507462686
-0.055767916927633276, -0.6865671641791042
-0.009294652821272287, -0.6791044776119399
0.0371786112850887, -0.6791044776119399
0.0743572225701774, -0.6865671641791042
0.11153583385526655, -0.6940298507462686
0.13941979231908297, -0.7014925373134324
0.16730375078289939, -0.716417910447761
0.19518770924671625, -0.7238805970149254
0.22307166771053266, -0.7388059701492535
0.2509556261743495, -0.7537313432835817
0.27883958463816594, -0.761194029850746
0.2974288902807105, -0.7761194029850746
0.31601819592325464, -0.7835820895522385
0.3346075015657992, -0.7985074626865671
0.37178611285088703, -0.8134328358208953
0.3996700713147039, -0.8432835820895517
0.43684868259979304, -0.8582089552238807
0.42755402977852075, -0.8507462686567155
0.4554379882423376, -0.8731343283582085
0.4833219467061536, -0.8880597014925371
0.5112059051699704, -0.9029850746268657
0.529795210812515, -0.9179104477611943
-3.123003347947455, -0.9402985074626864
-3.1044140423049105, -0.9402985074626864
-3.0858247366623663, -0.9477611940298507
-3.0672354310198218, -0.955223880597015
-3.048646125377277, -0.9626865671641793
-3.030056819734733, -0.9701492537313436
-3.0021728612709166, -0.9776119402985071
-2.983583555628372, -0.9850746268656714
-2.8627530689518337, -0.9925373134328357
-2.9092263330581947, -0.9925373134328357
-2.918520985879467, -0.9925373134328357
-2.7233332766327507, -0.9776119402985071
-2.6954493181689343, -0.9776119402985071
-2.6582707068838456, -0.9776119402985071
-2.630386748420029, -0.9850746268656714
-2.583913484313668, -0.9925373134328357
2.5932081371349405, -0.9925373134328357
2.6303867484200287, -0.9850746268656714
2.6582707068838456, -0.9776119402985071
2.6861546653476625, -0.9776119402985071
2.7140386238114784, -0.9776119402985071
2.7419225822752953, -0.9776119402985071
2.7883958463816567, -0.9850746268656714
2.9928782084496444, -0.9776119402985071
3.020762166913461, -0.9701492537313436
3.039351472556006, -0.9626865671641793
3.0579407781985504, -0.955223880597015
3.076530083841095, -0.9477611940298507
3.0951193894836386, -0.9477611940298507
3.113708695126183, -0.9402985074626864
3.1322980007687278, -0.9402985074626864
2.5374402202073068, -0.27611940298507465
2.5653241786711236, -0.2537313432835817
2.6025027899562128, -0.23880597014925353
2.67686001252639, -0.21641791044776104
2.704743970990206, -0.20895522388059673
2.76051188791784, -0.22388059701492535
2.7883958463816567, -0.20895522388059673
2.8162798048454727, -0.20149253731343242
2.853458416130562, -0.18656716417910424
2.8813423745943787, -0.17910447761193993
