-3.161128968670858, 2.187267919473835
-3.157512185145477, 2.7437051867295867
-3.1587411892560433, 2.2430389491270017
-3.1547615568980185, 2.14878086065887
-3.1564093734212633, 1.3074327644380381
-3.1564093734212633, 0.6402528908834801
-3.1587411892560433, -0.4343092453674888
-3.1564093734212633, -0.5113946260687259
-3.1587411892560433, -0.560591170657669
-3.1072546956240985, 2.1980720618905663
-3.105934529120715, 2.7445735301158365
-3.106508514556969, 2.2401992498443994
-3.1040834260887973, 2.157100681364038
-3.1026283730078945, 1.3081501621515377
-3.1026283730078945, 0.6459920725914765
-3.101658337620626, -0.4231762956654035
-3.1063219692901862, -0.4692475104006286
-3.1063219692901862, -0.512022349068038
-3.1089957847807344, -0.5529389283803412
-3.077780543472478, 2.282309001048252
-3.062981285641073, 2.746280160004076
-3.0594991073278015, 2.2119890793396007
-3.0632300126634497, 2.1612114004051515
-3.064349284264144, 1.3045183362269464
-3.064349284264144, 0.6441761596291804
-3.0632300126634497, -0.41079703350039853
-3.0632300126634497, -0.45158657363426924
-3.05915993411547, -0.4924066846934312
-3.060787965534662, -0.5347213743223831
-3.060245288394931, -0.5578012906607266
-3.0453216670523386, 2.2470444196940407
-3.0399491633690054, 2.297800307924132
-2.999484830071518, 2.7498291910205945
-2.9970686247112885, 2.3340089647415945
-3.0005508030245602, 2.1759498404435664
-2.9977231695070166, 1.290819343704365
-2.9977231695070166, 0.6523353786897879
-2.998180580811325, -0.39187141951483584
-2.999517629239304, -0.4450870729820511
-3.0029615418568256, -0.4957739806627677
-3.0024162556923844, -0.5387133872122569
-2.9960737166217823, 2.243799825489804
-2.991036994418658, 2.121006608903593
-2.987119543816227, -0.5622035039026554
-2.9488921137617394, 2.7534030404358303
-2.9539891044356708, 2.3490942444393483
-2.9450349316301154, 2.1669828348674938
-2.9500236850503536, 1.2864232599712664
-2.947385401991574, 0.6671553051397123
-2.9454826402703933, -0.37840061959202353
-2.9548845217162265, -0.42687620794706316
-2.9500236850503536, -0.48068103645952753
-2.949313036414992, -0.5234193409841197
-2.9387670106662265, 2.247522684836374
-2.9342899242634486, 2.12117585213402
-2.9216421551756016, 2.079711403020277
-2.916481069461288, 2.3777502975508016
-2.9185641582736914, -0.5601552519081467
-2.9089022107794618, 1.2697693844793132
-2.905353807933916, 2.7580864566828667
-2.9036829335826404, 2.184940603995866
-2.9076512601669204, 0.6683883324597897
-2.9042934453648375, -0.35298424345661195
-2.9076512601669204, -0.4115514398261024
-2.9042934453648375, -0.4783853637763289
-2.9042934453648375, -0.5178422380188028
-2.905252821022575, 2.2508321088123386
-2.8998163589620596, 2.1405108592393614
-2.8778040174817354, 2.090478062355416
-2.87340154918567, 2.3907033118223207
-2.8651189393405314, -0.5483688392424919
-2.843852778927337, 2.769429521407278
-2.8399024085719446, 2.415601232467304
-2.841025145409793, 2.2674241784235862
-2.8420619443662254, 2.1823657017649216
-2.84519590484817, 2.141048907524486
-2.841025145409793, 2.0135031456191492
-2.841025145409793, 1.2406958981953853
-2.841025145409793, 0.6894323920325922
-2.8414825567141015, -0.33605858073566486
-2.8428196051420804, -0.39716858468291605
-2.8414825567141015, -0.46721224605411926
-2.8324565589929933, -0.5211161803113189
-2.8291423521753525, 2.0967296710016265
-2.8241535987551143, -0.5554498203775888
-2.79332566095313, 2.777030520990785
-2.7891328340044965, 2.4373341631997896
-2.79068737789435, 2.2810759737281745
-2.789754651560438, 2.1776893314843324
-2.7946048284967806, 2.14073504602483
-2.8125131741078917, 2.0194499950863163
-2.79332566095313, 1.2282628024839835
-2.7891328340044965, 0.7098006136644064
-2.79068737789435, -0.3107474530743275
-2.7891328340044965, -0.39499186512486206
-2.79068737789435, -0.47689477074939113
-2.76442594978176, -0.5424259520109089
-2.760437590159792, 2.0724052736749
-2.7615241345207, 1.962954925148229
-2.75431105087178, 2.755978314279162
-2.752204186682238, 1.2055200892556057
-2.7475954212676137, 2.8066146362236704
-2.7503606805163883, 2.4453521376447847
-2.750953236069697, 2.282421094440986
-2.7475954212676137, 2.200054869459822
-2.7506734181695234, 2.1502854030857925
-2.7503606805163883, 0.7164236481109296
-2.750953236069697, -0.30402184951026934
-2.7503606805163883, -0.39195581924583633
-2.7475954212676137, -0.46776787761653615
-2.7151365448474745, 2.147012276017951
-2.7160070894257924, -0.5270841425311241
-2.717215192105907, -0.5593385714753678
-2.7123383658457385, 2.0683227143184717
-2.731925618857891, 1.9692321551413499
-2.6964820181692337, 2.770868942910803
-2.685432798521352, 2.825073831236408
-2.6843271213125695, 2.4679179604595065
-2.6843271213125695, 2.294704170423766
-2.6861215810448567, 2.2036556541371946
-2.6843271213125695, 1.9146721711409913
-2.6843271213125695, 1.1641420106101064
-2.6843271213125695, 0.74899528114025
-2.6843271213125695, -0.27660026585610975
-2.6843271213125695, -0.37656397356610993
-2.685363920269002, -0.4714445408982213
-2.676093717835015, 2.1529176196963533
-2.6737234956217795, 2.052430362193031
-2.665515503883354, -0.5154406637683735
-2.6727285875322733, -0.5535168320939934
-2.6652667768609772, 2.766929067736549
-2.6339893537971264, 2.84288805811249
-2.6339893537971264, 2.4841892013627276
-2.6369118963100506, 2.303419923346545
-2.6339893537971264, 2.208551548629082
-2.6535766068092794, 1.9221529301929434
-2.6558151500106684, 1.1705293674452124
-2.6405930562412236, 0.7636452976053985
-2.6324348099072727, -0.2552985881350933
-2.6339893537971264, -0.3627587873030431
-2.6366276368559065, -0.45967153199275534
-2.6045525106988623, 2.7600734595603886
-2.604196977366877, 2.1615580421574725
-2.6037395660625684, 2.0378569101037387
-2.6037395660625684, 1.8716283083310197
-2.6045525106988623, 1.1169636715039144
-2.603085021266841, 0.7887143621493542
-2.605878417056608, -0.5397638624355947
-2.5942552119724733, 2.8491652881056106
-2.5942552119724733, 2.486879442788351
-2.5936626564191645, 2.3059870818311268
-2.59089739717039, 2.2188865594391842
-2.5936626564191645, -0.24858177620968114
-2.5942552119724733, -0.361189479804763
-2.59089739717039, -0.45431667048841984
-2.595054691687255, -0.5019101524712481
-2.551946745466223, 2.7617772791299497
-2.551946745466223, 2.1665284829822777
-2.551946745466223, 2.0329012022144326
-2.5651541503544175, 1.8692448488223536
-2.5752275947606673, 1.1244963474956593
-2.560005500991223, 0.803460870704622
-2.5525223708608658, -0.5444461635835252
-2.5276290972153452, 2.8786281514379843
-2.5276290972153452, 2.498124179975276
-2.5276290972153452, 2.3167924684446723
-2.527658551731153, 2.2203373682080025
-2.526506360377497, 1.8332430885676898
-2.5276290972153452, 1.0669157415437236
-2.526506360377497, 0.8323677785721024
-2.5276290972153452, -0.22411695944746057
-2.5269745524196177, -0.34706571232024075
-2.528537979417413, -0.4558283299561512
-2.5170254715245557, -0.5125881538123158
-2.5136676567224727, 2.759042200347233
-2.5095636608532597, 2.1653308273550187
-2.5130751011691634, 2.0257799749113126
-2.510309841920389, -0.5557686638058112
-2.4812087803023335, 2.8966480492678603
-2.478721510078568, 2.507678994551271
-2.478721510078568, 2.328130289033751
-2.478721510078568, 2.2327761762811056
-2.4812087803023335, 1.8248558652995706
-2.4968785827120556, 1.073381760408818
-2.4916553152421486, 0.8387329249516822
-2.4812087803023335, -0.20968405018508207
-2.478721510078568, -0.33620510804642834
-2.4812087803023335, -0.4479497657811118
-2.4470415419653446, 2.754121890371422
-2.446386997169617, 2.186029079903764
-2.4470415419653446, 2.018034078546515
-2.4470415419653446, 1.0127333352873125
-2.446386997169617, 0.8789869077647108
-2.4493095396825417, -0.5338382142584157
-2.4381790054311914, 1.8015404396108359
-2.436964632321941, 2.9088121604982273
-2.436964632321941, 2.507280440265993
-2.436964632321941, 2.328142011218612
-2.4341993730731666, 2.246685720837291
-2.436964632321941, -0.20121242718596255
-2.436964632321941, -0.3353024998121237
-2.4341993730731666, -0.4426589576440527
-2.4402754189055074, -0.48580530584166715
-2.396703774449902, 2.7547826514233296
-2.3972634102502495, 2.1826579749074586
-2.3951492305600484, 2.0184536093731227
-2.418529570663444, 1.0186801847544795
-2.418529570663444, 0.8859616077570673
-2.3985548774818195, -0.5384560788137951
-2.3675405310762523, 2.938416538364944
-2.367266931351638, 2.513467995544927
-2.3675405310762523, 2.339987279020757
-2.368908529699323, 2.259808120680053
-2.367266931351638, 1.7772385920660396
-2.369281620232888, 0.9486523852208322
-2.367266931351638, -0.1839474072132865
-2.3675405310762523, -0.32554378091525527
-2.3675405310762523, -0.4529316943470807
-2.354817187239298, -0.5230350937757491
-2.3568097366822927, 2.2028732176199983
-2.35637707707194, 2.7472921752970842
-2.35637707707194, 2.0149135095450696
-2.355290725224207, -0.5487377391910675
-2.3603274474273324, 2.1763807449143378
-2.3146611661189986, 2.959420349199069
-2.3146611661189986, 2.5205522979657347
-2.3146611661189986, 2.3521431847217213
-2.3146611661189986, 2.2668685098437447
-2.316054037444307, 1.7719477839289806
-2.3189143982016374, 0.9716009598060733
-2.3146611661189986, -0.1698684770858585
-2.3146611661189986, -0.31747305663838565
-2.316054037444307, -0.4418219936449699
-2.290343517868121, 2.7397739361014315
-2.2892207810302727, 2.2049324705805273
-2.290343517868121, 2.0169957397506604
-2.290343517868121, 0.8997431954111375
-2.293171151385665, -0.5299024906913008
-2.279460074277158, 1.760177977691879
-2.2802373462220844, -0.4807474621737411
-2.2779490576162207, 2.963784518622858
-2.2779490576162207, 2.5195957676810687
-2.2779490576162207, 2.352800799292429
-2.2752628057745534, 2.2822965462268368
-2.286455521781498, 2.247582467979165
-2.2779490576162207, 0.9889081796442492
-2.2779490576162207, -0.16873259737281732
-2.2779490576162207, -0.31854915320863464
-2.2752628057745534, -0.43444873936733597
-2.238451206462825, 2.737246262871119
-2.238451206462825, 2.218328583439796
-2.2400057503526787, 2.0257272250794376
-2.26183154656622, 0.906885707734137
-2.240192295619461, -0.5323602421171785
-2.210842506979028, 2.988435101167272
-2.210568907254414, 2.52422896124742
-2.211184506634796, 2.365033924886166
-2.211389706428257, 2.3072061890566813
-2.210568907254414, 1.7514122743800566
-2.2097559626181202, 1.0487920098342625
-2.210568907254414, 0.8412139253775344
-2.210568907254414, -0.160452632096177
-2.2097559626181202, -0.3142636458148349
-2.210842506979028, -0.4466046450682999
-2.1981191631420742, -0.516137038838254
-2.1996790529747163, 2.7323112230445945
-2.1996790529747163, 2.2280439302526784
-2.200271608528025, 2.024718384544829
-2.1985927011269837, -0.5416037954106199
-2.1812439913162196, 2.992570101877026
-2.157963142021775, 2.5327480590952267
-2.157963142021775, 2.3759881182466103
-2.1616567383040666, 2.3149281783339335
-2.157963142021775, 1.7552682870901166
-2.1812439913162196, 1.0557457332852884
-2.1812439913162196, 0.8488960592262584
-2.157963142021775, -0.15390637796049367
-2.157963142021775, -0.30958168178989043
-2.1616567383040666, -0.43248087758377807
-2.1336454937708975, 2.723821276419666
-2.1336454937708975, 2.246751796942482
-2.1336454937708975, 2.0365353879999235
-2.13299094897517, 1.112838634651292
-2.1336454937708975, 0.7842988001993056
-2.1364731272884416, -0.5233988093997262
-2.1219225964794135, -0.47925620488966025
-2.1205235069785453, 2.531044239525665
-2.116326238475941, 2.3910620106790703
-2.121251033518997, 2.3323264962944585
-2.1196840532780246, 1.753116093949618
-2.1196840532780246, -0.15504973056638383
-2.1196840532780246, -0.31153210682346755
-2.11856478167733, -0.4288689793734508
-2.08473790663412, 2.7244925257422383
-2.08473790663412, 2.2709377490964275
-2.1096106088717743, 2.2508107576899135
-2.08473790663412, 2.050736506480601
-2.1028949792676075, 1.1191158646444128
-2.1062527940696913, 0.7864226750090082
-2.084091216375941, -0.5281189602646834
-2.053870883157191, 2.5377698430897233
-2.0558855720384406, 2.4091273894644676
-2.0541444828818047, 2.3549087086234524
-2.053870883157191, 1.759034625085989
-2.053870883157191, 1.1783011760081237
-2.0530579385208965, 0.7275677441712514
-2.0530579385208965, -0.15785206538474128
-2.053870883157191, -0.31388606807088815
-2.0549261963807024, -0.4369600380526304
-2.0480506708335797, -0.49527559619353356
-2.0429810288774926, 2.7174357704558543
-2.0429810288774926, 2.277326339845729
-2.0429810288774926, 2.053842885468794
-2.037977226427329, -0.5315510561440391
-2.00265798924986, 2.5493279173627714
-2.000438578896346, 2.40725864367231
-2.009323873449551, 2.3552519081468857
-2.001265117924551, 1.7735619287843545
-2.024545967218996, 1.185475153143119
-2.024545967218996, 0.7341124250663342
-2.00265798924986, -0.15725423395682503
-2.001265117924551, -0.3128099715006387
-2.004958714206843, -0.43091157008549796
-1.9769474696736737, 2.711361210869411
-1.976292924877946, 2.307804020484598
-1.9769474696736737, 2.075520290062464
-1.9769474696736737, 1.2473979031504465
-1.9769474696736737, 0.6731021546068794
-1.9797751031912176, -0.4940157829198677
-1.9663438439828842, -0.5333445504277878
-1.9629860291808008, 2.5483066220067476
-1.9596282143787174, 2.429801487208045
-1.9633591197143656, 2.3793206014347947
-1.962393473627492, 1.7747962748502286
-1.9629860291808008, -0.1637930151996594
-1.962393473627492, -0.316734558992136
-1.9596282143787174, -0.4286697022308119
-1.9280398825368963, 2.7137315600397454
-1.9234917312705824, 2.340741685346461
-1.9469431362375138, 2.311789563337373
-1.9305271527606616, 2.0919071641497684
-1.9475400810912173, 1.2503996462148261
-1.9475400810912173, 0.6757640777017064
-1.925303885290754, -0.49637411144232946
-1.9061519045677602, -0.524721284982693
-1.896359914423673, 2.558914196750762
-1.899187547941217, 2.4327456128894194
-1.896359914423673, 1.7966791261575168
-1.896359914423673, 1.3175329690886237
-1.896359914423673, 0.6199580871463226
-1.896359914423673, -0.17597579709420286
-1.896359914423673, -0.3232311172335791
-1.8968173257279817, -0.4418571601995529
-1.8862830047802692, 2.707729801390861
-1.8862830047802692, 2.3450571239731843
-1.8862830047802692, 2.1019507321387616
-1.8746952517377853, -0.510621841031758
-1.8444676030183769, 2.571447680195673
-1.8486604299670102, 2.4462650326943756
-1.8444676030183769, 1.818977189591727
-1.8678479431217723, 1.3241720444196938
-1.8678479431217723, 0.6271005994693222
-1.8444676030183769, -0.18335953964250207
-1.8444676030183769, -0.3258426966292136
-1.8460221469082303, -0.435339259098503
-1.8226293704537162, -0.467947227044911
-1.8168589035345803, 2.705760474334195
-1.8168589035345803, 2.3788463218353146
-1.8168589035345803, 2.131543387820617
-1.8157723591736723, 1.3895559237465365
-1.8165853038099662, 0.568602794247715
-1.8165853038099662, -0.519599862416877
-1.8056954495302684, 2.574378226410949
-1.8039905528505729, 2.460158737821393
-1.8056954495302684, 1.8253306137864451
-1.8056954495302684, -0.1910844594659693
-1.8056954495302684, -0.33108251326212645
-1.8029301902814938, -0.4300865627149739
-1.771590585462049, -0.4618892019086931
-1.763979538577327, 2.708689848330985
-1.772038294102327, 2.392855504962819
-1.7653724099026353, 2.157549054934975
-1.7872603878717714, 1.3965096471975624
-1.7872603878717714, 0.576284928096439
-1.7632469244386904, -0.5183118074312754
-1.7396618903264494, 2.5917634604741613
-1.741423550890951, 2.4901141378358265
-1.738539153488601, 2.4182387240610526
-1.7390073455307216, 1.858932256690798
-1.7396618903264494, 1.4618620617124094
-1.7396618903264494, 0.522071057028032
-1.7396618903264494, -0.2103353717933909
-1.7396618903264494, -0.34069408789113353
-1.7343254251095162, -0.4384811709595553
-1.7257004498335764, 2.705685745405706
-1.7257004498335764, 2.1640504717135647
-1.7251078942802676, -0.5176692185702527
-1.7002059300399806, -0.4570334821997286
-1.6892121956509374, 2.6078954695843017
-1.692208399628181, 2.5023039863468
-1.694520740957088, 2.4386152305453246
-1.6951603247289135, 1.8754580254481976
-1.712269190625243, 1.4643635142660592
-1.7089113758231596, 0.5281594981491793
-1.6932415734134372, -0.214347135322829
-1.6932415734134372, -0.33832242768696563
-1.6635514214792264, -0.5173165658930632
-1.6590743350764485, 2.70815180004586
-1.6550371027763997, 2.47609499085119
-1.6598872797127426, 2.1969162544632614
-1.6598872797127426, 1.5334130441903886
-1.6601608794373566, 0.47824057391817076
-1.6590743350764485, -0.43546610162186017
-1.6556837930345787, 1.8963963595068842
-1.650211798542295, -0.23218243958899754
-1.6495899809863535, -0.35924652766403486
-1.6489974254330446, 2.613940600317173
-1.6462321661842703, 2.5327480590952267
-1.6551863389898258, -0.3372014937596224
-1.6155030731470226, -0.5133226324237561
-1.6086743858054118, 2.7147279457529394
-1.6122063095231587, 2.4866851475742777
-1.6091718398501649, 2.222114849149932
-1.6305623637745477, 1.5405870213253838
-1.6204889193682979, 0.47569979034952636
-1.6109751107623946, -0.4267591326257629
-1.6054906799189919, 1.9136338323451367
-1.5825580484558746, 2.65040792668057
-1.5829638662292256, 2.549364626310099
-1.5815942312441655, 1.9373976316048085
-1.5829638662292256, 1.605624787720275
-1.5825580484558746, 0.43679092824930965
-1.5829638662292256, -0.2555503066310578
-1.5829933207450333, -0.36197413355390307
-1.572360240538436, -0.4459878348648947
-1.5702533763488935, 2.2327703151886755
-1.5707107876532023, -0.5185332052902263
-1.5682275453974106, 2.714580787247606
-1.5650340991520726, 2.498033463244587
-1.5373575650258098, -0.39186722540843544
-1.534553733137201, 2.662716611524224
-1.5287832662180652, 2.561237858133393
-1.5402744546518616, 1.9477102237363642
-1.5535564776467692, 1.6087398041078387
-1.5402744546518616, 0.4328053853965339
-1.539030819539979, -0.2618747338421725
-1.5446023048412139, -0.3540603400268614
-1.5148468998258289, -0.4518471668207962
-1.502376310979225, 2.982462031023442
-1.503413109935658, 2.7204671274609358
-1.502376310979225, 2.2652531063958907
-1.5017217661834974, 1.9760075779910677
-1.502376310979225, 1.6766094035823331
-1.5017217661834974, 0.3992271868619035
-1.5017217661834974, -0.5158534521352678
-1.492092477174348, 2.6752796119594358
-1.4935137744450713, -0.28080606239285455
-1.4899818507273244, -0.39591651106670556
-1.4895341420870465, 2.598389949880433
-1.4915239582660589, 2.5435156673691406
-1.4962497716912133, -0.3561612904735387
-1.4788388801248549, -0.4512212322060978
-1.4505834903828796, 2.9719491878384
-1.4496134549956108, 2.7244725980279747
-1.4505834903828796, 2.2911643790742615
-1.4586422459078796, 1.9896779899760861
-1.4738643396773243, 1.6828709011694563
-1.4542770866651713, 0.3873701968748975
-1.451976361708188, -0.5143588735654774
-1.4270787867682961, 2.6159960854325672
-1.4305858377838052, 2.564921353774254
-1.4251431052941537, 2.0161795055100686
-1.4262658421320018, 1.7448565808007748
-1.429093475649546, -0.29529894549385505
-1.4262658421320018, -0.35885377938573315
-1.425064097887046, -0.4346759153099442
-1.4156622164412127, 0.365848265469912
-1.4124061536028285, -0.4958442154039493
-1.4123044016391293, 2.9641731090510035
-1.410006949406125, 2.725048404087494
-1.4117118460858205, 2.2977581080586322
-1.4123044016391293, -0.5273118878369965
-1.3746222577490825, 2.6365913781242827
-1.3861134461828786, 2.580455007042945
-1.3862413629372439, 2.026880185690419
-1.3968584535495459, 1.748273659383496
-1.37984552521899, -0.308617678612376
-1.3773582549952246, -0.36456888801534504
-1.3873073358902865, -0.4004691397311042
-1.3647862345914645, -0.4418600374631101
-1.3613775438075315, 0.349931003701641
-1.3456782868820012, 2.940928479189259
-1.3485059203995453, 2.751213778959708
-1.3456782868820012, 2.3268926730952577
-1.3440288339967674, 2.0546868827787934
-1.3456782868820012, 1.8117822359154014
-1.346491231518295, -0.519300946702919
-1.3344777163375077, 0.3350001637894322
-1.3328361179898227, 2.666184033806138
-1.331841209900317, 2.611562169008855
-1.3353944530771238, -0.3262483679552992
-1.3328361179898227, -0.37012492453986834
-1.3328361179898227, -0.39476839004347397
-1.3320899369226935, -0.46373583676381225
-1.3417902907953785, 2.5915746716021877
-1.329318407244783, -0.43200047732920277
-1.2979788024253383, 2.9343882932673178
-1.2996310605025543, 2.7500631044285018
-1.2937859754767054, 2.346065231871239
-1.300936877370031, 2.0745999443115926
-1.3171663155801006, 1.8185786353064497
-1.2938854662856558, -0.5170889704196284
-1.2655481429363098, 2.7956110212945524
-1.271017886505314, 2.686472198813732
-1.265903676268294, 2.6325859075572438
-1.265903676268294, 1.8742666328168502
-1.2650907316320006, 0.31194904252146083
-1.265903676268294, -0.331362673480307
-1.2679183651495443, -0.38256214745388295
-1.266852392196502, -0.44412791486693326
-1.2580687750634332, -0.5016649195793885
-1.2568573281544464, 2.916935634606972
-1.2562281950978464, 2.091488682150227
-1.251638050957625, 2.742770380545956
-1.2550138219885971, 2.3520904348898464
-1.252248562739822, -0.5301814786909946
-1.21247137200745, 2.806793985652045
-1.2150073440258065, 2.697320957942702
-1.2132979110356548, 2.6398703411655875
-1.2388173035314884, 2.619373833000294
-1.2365787603301, 1.881350935237658
-1.216991507317947, 0.30531783339338947
-1.2123278756483868, -0.31822034592328086
-1.2191181233592663, -0.37050070429455806
-1.2141933283162105, -0.4409635690305258
-1.1898891449868452, 2.895187632493951
-1.1889802627847774, 2.372579580112859
-1.1889802627847774, 2.124699791211576
-1.1889802627847774, 1.9343062138262412
-1.1897932074210713, -0.5202275854161886
-1.1783766370939879, 2.84465867619364
-1.1791667111650663, 2.720716809998477
-1.1791667111650663, 0.2889390105962124
-1.1710504957076244, 2.7783426445143933
-1.1726559155793272, 2.6491811860798737
-1.1716610074898215, -0.2959511252333997
-1.1716610074898215, -0.3407685546128567
-1.1738995506912104, -0.37566198228890224
-1.1716610074898215, -0.4233808868651794
-1.1738995506912104, -0.45497428505912785
-1.1503948470766265, 2.6283413044190382
-1.1425599458717657, 2.902970116618075
-1.1385305681092657, 2.3846054312575746
-1.1400726756480002, 2.145990980661927
-1.146290851207414, 1.9524928751596942
-1.1399483121368124, -0.5198389949880431
-1.1208632963813807, 2.849107311596255
-1.12546561597025, 2.7188149387874216
-1.1240919644603071, 0.2828991548465294
-1.111220341052321, 2.7893481776192157
-1.1077381627390488, 1.9903555322610582
-1.111220341052321, -0.2775270475912528
-1.109479251895685, -0.33515336757139025
-1.111220341052321, -0.392310681751177
-1.1112203410523214, -0.45050187191467916
-1.1032087127526125, 2.630842756972688
-1.1004753336856545, 0.26708651357814395
-1.0981334731057397, 2.740434697153339
-1.0955505386425983, 2.906691617256854
-1.0983157978913733, 2.3879603205648223
-1.0983157978913733, 2.1553335619962266
-1.0975403548216112, -0.5236252606981795
-1.091322179262197, 2.853403802220013
-1.0682403115856536, 2.8294648921251593
-1.0722057309709716, 2.7195105971762694
-1.0565998869384314, 2.782637610421375
-1.0646586424634314, 2.0079716316703244
-1.0565998869384314, -0.27419006125724765
-1.0602934832207231, -0.3277856487699413
-1.0602934832207231, -0.39190306941396136
-1.0623793984765628, -0.4474198697427312
-1.0444371355442184, 2.6266972679922684
-1.0444371355442184, 0.25928481344383636
-1.0343636911379686, 2.9811141571395807
-1.0326226019813327, 2.9317003451103996
-1.032282238687554, 2.397405316777382
-1.032282238687554, 2.182563580471472
-1.0311595018497064, 2.0405499278363024
-1.032753510940478, -0.5202323051379878
-1.0271506074890482, 2.7395379500114645
-1.0228996365611582, -0.4693338853958955
-1.022711786782021, 2.8273846796404687
-1.0116051685905143, 2.7935776408706103
-1.0149629833925977, -0.2570322992760503
-1.0177282426413727, -0.3151960222291157
-1.0149629833925977, -0.39244111769908585
-1.0162066185044805, -0.4363086593652974
-1.0130688314529612, 2.6250992185984154
-1.0134706212583384, 0.2579396927310249
-0.9806386543046339, 2.965817145477773
-1.001531724184264, 2.930545091230713
-0.9833746515507764, 2.405449820377589
-0.9833746515507764, 2.2001943634596692
-0.9939206772995419, 2.0499393979100464
-0.9834198746457541, -0.5166130344906512
-0.9772275408548987, 2.757472892848953
-0.9505719465997053, 2.8084669088915084
-0.9527812277984613, 2.612199855865299
-0.9510401386418255, 2.0812259093043313
-0.951694683437553, 0.24370186530301874
-0.9534891431698407, -0.24435367430093402
-0.9521520947418618, -0.3015426074121459
-0.9527314823939865, -0.3995296903443788
-0.9527314823939861, -0.45623371660060474
-0.9399128771144536, 2.9582026609748393
-0.9416177737941496, 2.4033632714723123
-0.9416177737941496, 2.205973400596193
-0.9408423307243874, -0.5222018525364747
-0.9332561565419026, 2.7550815671372875
-0.9035954591234994, 2.8111688306370466
-0.9039951989808901, 2.608997187501462
-0.8998023720322572, 2.1063348292768147
-0.8999018628412077, 0.24084171389261977
-0.9013569159221104, -0.23295463851672293
-0.9017921882112692, -0.30212871665520113
-0.8998023720322572, -0.393264796555326
-0.9035954591234994, -0.46274609362203956
-0.8763971592266242, 2.9613035181970053
-0.8755842145903303, 2.2262682043333504
-0.8763971592266242, -0.5176728524475598
-0.8739347617050961, 2.756331578304749
-0.8719200728238463, 2.4049615913781235
-0.8628737247099982, 2.594212163195936
-0.8582649592953739, 2.8119951190749166
-0.8610302185441485, 2.115349189435003
-0.8610302185441485, 0.23492318275624857
-0.8592824789323692, -0.22217329219736914
-0.8621824098978048, -0.2717389524027909
-0.861724526061157, -0.30475555171725777
-0.8616227740974574, -0.3943691240541156
-0.8582649592953739, -0.46328414190716405
-0.8281307238920617, 2.9632418716344415
-0.8291638976773181, 2.2377182494185472
-0.8275649382477552, -0.5151604557045406
-0.8258060828752347, 2.7710735578340477
-0.8193143075912066, 2.4079208569463093
-0.7949966593403297, 2.716600102066677
-0.7949966593403297, 2.574772461996541
-0.7949966593403297, 2.1410300286372888
-0.7949966593403297, 0.22774920562125311
-0.7949966593403297, -0.2105241606653645
-0.7949966593403297, -0.2894379091503123
-0.7949966593403297, -0.3862866004727481
-0.7905195729375518, -0.4767164701480828
-0.788870120052318, 2.8020860631572044
-0.7832148530172298, 2.960940099618456
-0.7849197496969258, 2.2428982829086683
-0.7775052084144973, -0.5283761591702101
-0.7826021990884291, 2.4039751695220617
-0.7497973659917112, 2.7727175942608175
-0.7475814343378113, 2.7071554143326666
-0.7472971748836663, 2.5715900210118434
-0.7431043479350339, 2.15515772922331
-0.7446588918248871, 0.229094326334065
-0.7446588918248871, -0.19506707177252913
-0.7431043479350339, -0.278614013823828
-0.7446588918248871, -0.3771067415730336
-0.7359590989285798, -0.47405054244081946
-0.7172367376078723, 2.9589149099009218
-0.7144091040903287, 2.8085035737704724
-0.7144091040903287, 2.401181094216853
-0.7152220487266225, 2.2547564451141606
-0.7147494673841073, -0.5192411635601268
-0.708282564802317, 2.6802530000764344
-0.708282564802317, 2.5547084002140177
-0.6993283919967617, 2.7595055197038683
-0.7043321944469247, 2.158709551236224
-0.7049247500002336, 0.22337756330461556
-0.7049247500002336, -0.19282520391784308
-0.7043321944469247, -0.2767501864309123
-0.7043321944469247, -0.37834636262209553
-0.6993283919967617, -0.45736561077079285
-0.6654304520900154, 2.959808329595145
-0.6617897444657785, 2.8138300016882902
-0.6626162834939833, 2.402181675238313
-0.6626162834939833, 2.26354456710453
-0.6679887871773169, -0.5172253986172808
-0.6539978921686362, 2.6686949258033863
-0.653065165834724, 2.546936591651106
-0.6382986352431059, 2.74292671026339
-0.6382986352431059, 2.1688763872533885
-0.6376440904473779, 0.2197781199157034
-0.6382986352431059, -0.1773917136340044
-0.6376440904473779, -0.26456497526779543
-0.6382986352431059, -0.37108909627887643
-0.6403800876935204, -0.45661832148589765
-0.6321720959550943, -0.5404993458057379
-0.6262959200514482, 2.65367441117699
-0.6250087577106496, 2.5359763488059746
-0.6220397425172286, 2.957636294358919
-0.6209793799481496, 2.835848593048776
-0.6209793799481496, 2.7944188750941783
-0.624337194750233, 2.39798938235005
-0.6237446391969241, 2.2625212203661555
-0.6204197441478025, -0.5026164679354883
-0.5887787969743243, 2.7470844221130846
-0.5918783183300937, 2.174766600058964
-0.5878489405675937, 0.22129262619975787
-0.5902502869109019, -0.16747171654303017
-0.5893910481063283, -0.2541029252792608
-0.5902502869109019, -0.36508217762517203
-0.5893910481063283, -0.45750795158696356
-0.579566330722455, -0.5344858649719919
-0.5729750646294764, 2.6513578143938146
-0.5698659768497696, 2.5270088773872303
-0.5605387135106485, 2.955255456917919
-0.560538713510649, 2.84315300613168
-0.5585240246293988, 2.390344612965571
-0.5587976243540131, 2.2642619648180293
-0.550531108610322, 2.712160787268358
-0.5488485434589516, 2.786913718326893
-0.5465105094486118, 2.632705473842827
-0.5476341703497014, 2.1734795041612145
-0.5476341703497014, 0.21783223722875977
-0.5476341703497014, -0.16238855092598836
-0.5482267259030102, -0.2533556359943656
-0.5476341703497014, -0.3632599107058554
-0.5448689111009268, -0.44875683820879875
-0.5458864307379216, -0.5008669052036403
-0.5460742805170589, -0.5417978032057369
-0.5377801909631952, 2.5249164673895232
-0.5149538337732751, 2.961111099293691
-0.5073111307220683, 2.8392761599021625
-0.5073111307220683, 2.3901054803944044
-0.5059182593967595, 2.2656967602450284
-0.4968645957822537, 2.7079525229032217
-0.4826374101023152, 2.9283928980902143
-0.480477874308034, 2.78392165855106
-0.48151813850162073, 2.6350669079830964
-0.48160061114588215, 2.17557839220845
-0.48160061114588215, 0.21727142322672055
-0.48160061114588215, -0.14954535501790467
-0.48160061114588215, -0.2446005520565917
-0.48160061114588215, -0.35636356426493876
-0.4826374101023152, -0.454171482855926
-0.4838686088630788, -0.5321842139745137
-0.4790086137548002, 2.5124721342452663
-0.46293822993009304, -0.4996305846346787
-0.4642813558509258, 2.9706795077581587
-0.4642813558509258, 2.8466095587512688
-0.4676391706530092, 2.3828567743309197
-0.4676391706530092, 2.262580563927015
-0.4595555424257718, 2.7063583057621114
-0.4754740718578705, 2.6672601303763877
-0.4326930240091049, 2.9285523198043255
-0.4311509164703704, 2.764467520555573
-0.4326930240091049, 2.6251329424225545
-0.4326930240091049, 2.179868094910516
-0.43518029423286997, 0.220216529629508
-0.4326930240091049, -0.13892073683405926
-0.4326930240091049, -0.23457376530066298
-0.43518029423286997, -0.3501146526026142
-0.43518029423286997, -0.44413859042814563
-0.43208077287710056, -0.5350771268237771
-0.4253307041467589, 2.507818488551118
-0.4014704672001903, 2.9586080017881944
-0.40101305589588154, 2.8387936994515632
-0.40280751562816874, 2.6808157937649857
-0.40101305589588154, 2.3714468468810175
-0.40101305589588154, 2.255530479489252
-0.39215051936172785, -0.4999895681730617
-0.387560375221506, 2.9161971369607227
-0.39093614625247763, 2.757736642008328
-0.3901109577782398, 2.6241673023256533
-0.39093614625247763, 2.174956499453714
-0.39093614625247763, 0.21730473891001045
-0.39093614625247763, -0.13791262893600464
-0.39093614625247763, -0.23549981790468966
-0.39093614625247763, -0.35028345206461386
-0.38817088700370306, -0.4394306679333049
-0.38817088700370306, -0.5526001572378547
-0.38861859564398094, 2.500943427130081
-0.3533135714392186, 2.970258178942294
-0.35067528838043893, 2.8422154977560843
-0.3533135714392186, 2.6763813298765955
-0.35067528838043893, 2.369629753988272
-0.3533135714392186, 2.2600344425777643
-0.3249025870486584, 2.6180727630242764
-0.32571553168495226, -0.5540349526648543
-0.3212384452821744, 2.9187977036721584
-0.32042550064588093, 2.7473254909803737
-0.32151204500678876, 2.490042967427741
-0.3212384452821744, 2.171358960919841
-0.3212384452821744, 0.2170779146329478
-0.32151204500678876, -0.1281597711315663
-0.3212384452821744, -0.22860541487863184
-0.32151204500678876, -0.34367800089538214
-0.32185404466255685, -0.4477031603170962
-0.32138768149560093, -0.5032325664348134
-0.3110157646624985, 2.2445135999825285
-0.30758333175370245, 2.9719748091853107
-0.31094114655578586, 2.8378438554394463
-0.30758333175370245, 2.673537360369508
-0.31094114655578586, 2.362567870246011
-0.32101459096203566, 2.2633652176761547
-0.27538274877987723, 2.6254019665651165
-0.27644723086165657, -0.5569860659862949
-0.2686326800495351, 2.916914534674222
-0.2686326800495351, 2.7438423362924618
-0.2686326800495351, 2.4857585088610077
-0.2686326800495351, 2.183973204048874
-0.2686326800495351, 0.22147197562813226
-0.2686326800495351, -0.11965063714089164
-0.2686326800495351, -0.22008631703082493
-0.2686326800495351, -0.33791889147312215
-0.27002555137484396, -0.4400284993612211
-0.2705230054195966, -0.5067642002404673
-0.24714266531620188, 2.972610684431367
-0.24431503179865777, 2.8348291331401185
-0.24431503179865777, 2.3517184097597807
-0.24434448631446548, 2.2431884069839807
-0.2355022406689793, 2.6560208995315615
-0.23233384106085975, 2.607473921782566
-0.23045534326948447, -0.556741498583964
-0.2303535913057848, 2.9159480405324243
-0.23192057154675716, 2.7392390342975066
-0.23192057154675716, 2.480138893438595
-0.23211244667830488, 2.172964565326245
-0.23192057154675716, 0.21866216791692628
-0.23192057154675716, -0.1203082517115992
-0.2303535913057848, -0.22129692567235537
-0.23192057154675716, -0.3399515183280375
-0.22923431970509034, -0.4324559679409483
-0.23371140610786822, -0.47077411565405747
-0.2311530710205667, -0.5091573334545596
-0.19661554734199482, 2.9715392462878287
-0.19386533712314602, 2.8363866413339003
-0.19520846304397876, 2.3487355455825982
-0.19661554734199482, 2.247992409529737
-0.1645404211849506, 2.914274681897523
-0.1645404211849506, 2.731467225734595
-0.16418488785296592, 2.6489664886821496
-0.16655511006620083, 2.602250232814978
-0.16372747654865716, 2.4712217657190436
-0.1645404211849506, 2.183375372620958
-0.16481402090956498, 0.2196784813443835
-0.16372747654865716, -0.11480820257476987
-0.16372747654865716, -0.21779253223634631
-0.16481402090956498, -0.33630474661774823
-0.16372747654865716, -0.4469350255942537
-0.16655511006620083, -0.5080725855204182
-0.16548913711315905, -0.5618153016767344
-0.15088530765647867, 2.97305090575556
-0.15365056690525325, 2.832746902934528
-0.15365056690525325, 2.3444944590998515
-0.15088530765647867, 2.2477618174075404
-0.11193465595231133, 2.90864652602614
-0.11382498132237329, 2.7342571057315377
-0.11562825223460349, 2.6586065204572993
-0.11193465595231133, 2.6052410980443534
-0.11193465595231133, 2.4708725063058923
-0.11193465595231133, 2.1791247911684732
-0.11332752727762019, 0.2243614941963945
-0.11193465595231133, -0.109607069151898
-0.11332752727762019, -0.21085978532665095
-0.11193465595231133, -0.3318210109083761
-0.11332752727762019, -0.434913719366826
-0.11382498132237329, -0.5036311207200908
-0.11474882454834345, -0.5608575513279299
-0.0904446412189781, 2.9732628641709122
-0.08761700770143399, 2.829920622468806
-0.08761700770143399, 2.3395415275174862
-0.08969846015184846, 2.241992744128148
-0.07219190434611455, 2.7210281692625187
-0.07365556720856148, 2.91128744635896
-0.08372901161481128, 2.740434697153339
-0.07029775240647806, 2.659368755527893
-0.07365556720856148, 2.6065055115143965
-0.07306301165525264, 2.46687406904977
-0.07313324046157055, 2.1817652133084366
-0.07365556720856148, 0.21990266812985215
-0.07365556720856148, -0.11066074704360052
-0.07365556720856148, -0.21412294853736036
-0.07306301165525264, -0.334564002165874
-0.07349567126560475, -0.43812824946534423
-0.06955157133934842, -0.5008080278660416
-0.07228756858549046, -0.5609897249429467
-0.08149046841342233, -0.4641808890490382
-0.04119669078842225, 2.9731405804697473
-0.037167313025922244, 2.8368350149048376
-0.037167313025922244, 2.341740917875978
-0.04119669078842225, 2.2422916598421065
-0.007029452451433382, 2.9119556803037168
-0.007029452451433382, 2.722336137293474
-0.008823912183720584, 2.652967360545897
-0.008364723834717758, 2.6017068072101317
-0.007029452451433382, 2.4648029440719426
-0.007029452451433382, 2.1842141346092974
-0.007029452451433382, 0.2201032563063241
-0.007029452451433382, -0.10989969190345716
-0.007029452451433382, -0.2132615993089808
-0.00784239708772727, -0.334242228191437
-0.008115996812341653, -0.441988057930502
-0.007991633301153378, -0.5029004378637487
-0.00879111301593527, -0.560961256779712
0.005812716440745103, 2.9734096046123097
0.003822900261732709, 2.8309563391969945
0.003822900261732709, 2.3372970375951336
0.005812716440745103, 2.244174828840043
0.044763368144912, 2.907749778884266
0.044763368144912, 2.7292552494513047
0.041069771862620286, 2.6579339601008938
0.042239919445164364, 2.6026943361614303
0.044763368144912, 2.4688996625937687
0.044763368144912, 2.1785867428833487
0.04337049681960359, 0.2243614941963945
0.044763368144912, -0.10799292429652452
0.04337049681960359, -0.209664122470818
0.044763368144912, -0.331462312051626
0.04337049681960359, -0.43431588793890974
0.04287304277485049, -0.5020036907218746
0.04194919954888032, -0.5611137647970375
0.06625338287824567, 2.9732628641709122
0.06908101639578934, 2.8300150169047926
0.06908101639578934, 2.3394471330814994
0.06699956394537487, 2.2418432862711692
0.0830424568886623, 2.91128744635896
0.08332227478883603, 2.7273571346676704
0.08416172848935677, 2.6530018508205844
0.08448152037526935, 2.603616704650215
0.08363501244197113, 2.46676856938602
0.08356478363565323, 2.18188477959402
0.0830424568886623, 0.21990266812985215
0.0830424568886623, -0.11066074704360052
0.0830424568886623, -0.21412294853736036
0.08363501244197113, -0.3344585025021245
0.08320235283161903, -0.4380001427307909
0.08714645275787536, -0.5006585700090627
0.08533990912166711, -0.5614826736642109
0.075207555683801, -0.4641808890490382
0.08863881489213465, 2.6973908343433677
0.11550133330880152, 2.972243833327873
0.11798860353256702, 2.835689171334665
0.11798860353256702, 2.346862340441794
0.11798860353256702, 2.2406476234153367
0.1496685716457904, 2.913980216206976
0.1496685716457904, 2.732411170094463
0.14863177268935734, 2.652314344678481
0.14863177268935734, 2.6049528104446695
0.1496685716457904, 2.47103297684707
0.15032311644151797, 2.1858464091896788
0.1496685716457904, 0.2191593119464561
0.1496685716457904, -0.11518578031871662
0.1496685716457904, -0.21769813780035951
0.1496685716457904, -0.33682391601567563
0.14921116034148163, -0.4434396551558022
0.14787411191350275, -0.5026628381936797
0.1479069110812885, -0.5615590882076287
0.16251074053796843, 2.97305090575556
0.15974548128919386, 2.8322194046157785
0.15974548128919386, 2.3442834597723516
0.16251074053796843, 2.2479411668359153
0.200006339161233, 2.9124980550004906
0.20156088305108621, 2.7392390342975066
0.20156088305108621, 2.652929889630187
0.19736805610245334, 2.60745990668682
0.200006339161233, 2.481050586366167
0.200006339161233, 2.1798182756248563
0.20156088305108621, 0.22157161419945215
0.200006339161233, -0.11391145543289527
0.200006339161233, -0.21569225603564046
0.200006339161233, -0.3342870655485308
0.19736805610245334, -0.43430639855116526
0.20156088305108621, -0.5016715621508094
0.19795434122662625, -0.560640989943328
0.2274284933782469, 2.9722845945615943
0.230256126895791, 2.8371260644157967
0.2294431822594971, 2.3512464375798467
0.22916958253488273, 2.240468273986962
0.23974048098588607, 2.916215819192845
0.2403330365391949, 2.7387467025333403
0.2430982957879695, 2.666363383234513
0.2403330365391949, 2.612979381158562
0.23974048098588607, 2.4801538392242928
0.23974048098588607, 2.1721585604546787
0.2403330365391949, 0.2184652352112595
0.2403330365391949, -0.12018868542601613
0.23974048098588607, -0.22129692567235537
0.23974048098588607, -0.3396675483997771
0.2430982957879695, -0.4327947390834339
0.23638266618380266, -0.47098762687831375
0.2430982957879695, -0.5108715235692989
0.2411084796089571, -0.561587556370863
0.27835535120984467, 2.9704503390441244
0.2820489474921368, 2.8397942804730234
0.2820489474921368, 2.361828053853965
0.2820489474921368, 2.250392275690372
0.3063665957430137, 2.9191988800251023
0.3063665957430137, 2.7471367021084
0.306337141227206, 2.6617974457038027
0.3041785459972952, 2.6123279625998523
0.3063665957430137, 2.489251102992519
0.3063665957430137, 2.171802614768979
0.3063665957430137, 0.21793218427862815
0.3063665957430137, -0.12868418466482634
0.3063665957430137, -0.22770394801495852
0.3063665957430137, -0.3447530486385646
0.30590918443870496, -0.4493476363257982
0.30353896222547005, -0.5114067250381007
0.30590918443870496, -0.5619157775469747
0.3236858510379701, 2.971616110328561
0.3203280362358867, 2.837731762046712
0.3203280362358867, 2.3622315900678084
0.3203280362358867, 2.2486809832279615
0.3568162904185259, 2.9222950175254687
0.3568162904185259, 2.7563967962787035
0.35670436325845634, 2.674374324368591
0.35233920401574803, 2.6154537669229576
0.3552741828797914, 2.500505017416276
0.3552741828797914, 2.178871709197322
0.35547316449769273, 0.21878173420250935
0.3552741828797914, -0.12915615684476034
0.35670436325845634, -0.22847090280735083
0.3552741828797914, -0.34298053089614644
0.3540660801996771, -0.4404555218097328
0.35825890714830955, -0.5084068132590747
0.3511080052549844, -0.55399011530776
0.38649673968870557, 2.9587135014519443
0.38695415099301433, 2.8387936994515632
0.38695415099301433, 2.3714468468810175
0.38695415099301433, 2.2559080572331993
0.4004068316673899, 2.916360181895609
0.39703106063641824, 2.757420143017078
0.3997963198851928, 2.6866298686408747
0.39703106063641824, 2.627280781608676
0.39703106063641824, 2.500739461113498
0.39703106063641824, 2.174956499453714
0.39703106063641824, 0.21772673756501026
0.39703106063641824, -0.13770162960850474
0.39703106063641824, -0.2352888185771902
0.39703106063641824, -0.35007245273711396
0.3997963198851928, -0.43996871621842937
0.3975577766838039, -0.4868785555955921
0.401627855231784, -0.5260541126250167
0.393080690281026, -0.5544705155623362
0.4397170069766285, 2.9570821640587743
0.43735410026405175, 2.84126893132855
0.43735410026405175, 2.383529334687325
0.4387469715893606, 2.2628271693910302
0.46769879699398986, 2.9250151505224875
0.46418735667808564, 2.78402715821481
0.4630646198402375, 2.6909908915834637
0.46055677820860597, 2.6221921811604707
0.4630646198402375, 2.5123777398092795
0.4630646198402375, 2.17529520890049
0.4630646198402375, 0.21755460653468095
0.4630646198402375, -0.14982853832586507
0.4630646198402375, -0.2443173687486313
0.4630646198402375, -0.35636356426493876
0.4620278208838049, -0.45405191657034294
0.4613029592757356, -0.5358238686439956
0.4787049677341524, -0.5000123427036485
0.48038387513519387, 2.9710382066149084
0.48038387513519387, 2.8466095587512688
0.47702606033311, 2.3828567743309197
0.4776186158864193, 2.2616772230561564
0.5117234799546382, 2.9425166655747366
0.5119722069770147, 2.7803470620075585
0.5134023873556806, 2.7159983375372616
0.49381513434352753, 2.6991843286271164
0.5119722069770147, 2.634618534412159
0.5119722069770147, 2.52382044310501
0.5094849367532492, 2.177636190912962
0.5094849367532492, 0.22075457791463293
0.5119722069770147, -0.15187375110557877
0.5119722069770147, -0.24493617671787815
0.5094849367532492, -0.3567505814524847
0.5094849367532492, -0.44884651292298594
0.5126188972351939, -0.5399022177089132
0.5408245415726944, 2.84315300613168
0.5436521750902386, 2.3907033118223207
0.5436521750902386, 2.2638371898560887
0.5481292614930164, -0.509392677405506
0.552939010662564, 2.960928994390693
0.5537290847336425, 2.7861311229375945
0.5537290847336425, 2.714692779198356
0.5537290847336425, 2.636412028695908
0.5537290847336425, 2.5250043837759817
0.5537290847336425, 2.1736905034887144
0.5537290847336425, 0.21835973554750954
0.5537290847336425, -0.1620720519347385
0.5537290847336425, -0.2540677587246778
0.5537290847336425, -0.3629434117146051
0.556494343982417, -0.44875683820879875
0.558732887183806, -0.5449207408047121
0.5578374699032502, 2.942292478789268
0.5917513994042918, 2.836610828119369
0.5954449956865839, 2.3987740360991903
0.5954449956865839, 2.266234808530153
0.618000983372959, 2.95761831446635
0.6204171887331893, 2.7805890413950487
0.616188829352788, 2.7334400694467185
0.6197626439374608, 2.6567068324330654
0.6197626439374608, 2.5386193930136045
0.6197626439374608, 2.1688763872533885
0.6204171887331893, 0.2197781199157034
0.6197626439374608, -0.17701413589005766
0.6204171887331893, -0.264465336696476
0.6197626439374608, -0.37071151853492923
0.6179681842051736, -0.4593798428125413
0.6196901405139346, -0.5281089964075512
0.6370818992324172, 2.835489894192026
0.6337240844303342, 2.3984377559209875
0.6343166399836426, 2.2625212203661555
0.666779905704177, 2.9594801323418607
0.6739432439486213, 2.7885060375904542
0.6491700325199177, 2.740865135781439
0.6661829608504735, 2.6728199626560087
0.6661829608504735, 2.550324303075965
0.6661829608504735, 2.166695875782094
0.668670231074239, 0.22635426562278171
0.663695690626708, -0.17977255107500456
0.668670231074239, -0.26665738526550253
0.6661829608504735, -0.3719952828643498
0.6661829608504735, -0.45781398434173015
0.666779905704177, -0.5216922724145836
0.7003501991874619, 2.401369883088827
0.7003501991874619, 2.255530479489252
0.7092127357216156, -0.19441942105895338
0.7131923680796404, 2.9590616503423193
0.7131923680796404, 2.824146042847315
0.7121320055105618, 2.769822831557223
0.7104271088308658, 2.6827263810821274
0.711202551900628, 2.5560037016411696
0.7104271088308658, 2.159026050227474
0.7104271088308658, 0.22257972209750632
0.7104271088308658, -0.27653918710341285
0.7104271088308658, -0.3782408629583456
0.7131923680796404, -0.4570069119140432
0.7131923680796404, -0.49825728044026585
0.7131923680796404, -0.5330510695449928
0.7506879667029049, 2.407293133946997
0.7506879667029049, 2.2523800651881936
0.7746990074701832, -0.5167786674403767
0.779176093872961, 2.960949089564741
0.7781101209199188, 2.7943210481332468
0.7801248098011686, 2.715495518604139
0.7801248098011686, 2.574177777049824
0.7809377544374629, 2.1411244230732756
0.7801248098011686, 0.2270318079077538
0.7809377544374629, -0.21200300682915696
0.7809377544374629, -0.2897210924582727
0.7809377544374629, -0.3865697837807085
0.7799755735877425, -0.4645395879057883
0.7904221085275576, 2.4043787057359056
0.7904221085275576, 2.2434125937694493
0.8236271660148264, -0.5203371878446403
0.8310889766861229, 2.963874193337045
0.8273580713504747, 2.793847102984915
0.8286372388941259, 2.729673731450846
0.8327305750338083, 2.592112719887312
0.8290369787515162, 2.131767574606086
0.8327305750338083, 0.23581992989812317
0.8290369787515162, -0.2138987617518917
0.8327305750338083, -0.28447276181740744
0.8308402496637464, -0.3854265622782016
0.8290369787515162, -0.46700564254594257
0.8595930934504756, 2.7586087725619937
0.8570482232846852, 2.4052400549642847
0.8570482232846852, 2.2258906265894036
0.8676518489754748, 2.1134091678404907
0.8709350456708456, -0.3994158176914424
0.8727129031699197, -0.5113978751525736
0.8723776624006292, 2.9612337711970818
0.8743674785796416, 2.810141841648376
0.8710096637775586, 2.5948253799914824
0.8710096637775586, 0.23548364971991997
0.8721289353782526, -0.22421135388344737
0.8698903921768637, -0.276222688112163
0.8698903921768637, -0.3056359943656437
0.8676518489754748, -0.4617212397456112
0.8609362193713088, -0.3802453565695938
0.9040654850514014, 2.75848920627641
0.9034685401976978, 2.4077415075179345
0.9009812699739324, 2.222114849149932
0.9348081450171422, 2.957692072889275
0.9382903233304138, 2.807078667284386
0.936549234173778, 2.612199855865299
0.9376357785346863, 2.080428800733776
0.9376357785346863, 0.24379625973900598
0.9358413188023991, -0.24407775210343408
0.9371783672303775, -0.3008568595977721
0.9365989795782537, -0.3995296903443788
0.9365989795782537, -0.45623371660060474
0.9368228338983928, -0.5222644824955895
0.94649831506884, 2.2050766534543187
0.9527164906282546, 2.7550815671372875
0.9477126881780902, 2.4033632714723123
0.9836490875929012, 2.968638728656499
0.9903986345183005, 2.8125597376457265
0.9894285991310316, 2.624216267566416
0.9661477498365874, 2.0876027778687716
0.9894285991310316, 0.2560864153044844
0.9857350028487404, -0.25223470206702236
0.9894285991310316, -0.31561977921184514
0.9857350028487404, -0.3932481901267728
0.9903986345183005, -0.45922315842181893
0.9830611873581927, -0.5166932629506742
1.0141520651552614, 2.9308506495160924
1.01340588408813, 2.7673703242666776
1.0137462473819085, 2.3975941056493557
1.0137462473819085, 2.182469186035485
1.0137462473819085, 2.0389896433355803
1.02297230802569, 2.7289839259570967
1.0264567372622415, -0.5227754022957498
1.0310655026768658, 2.9836773593867716
1.0310655026768658, 2.831145652482501
1.0283002434280912, 2.6249125653471657
1.0283002434280912, 0.25686711281623387
1.0310655026768658, -0.2570322992760503
1.0283002434280912, -0.3151960222291157
1.0310655026768658, -0.3920824188423362
1.02951574199898, -0.44370746199455224
1.0310655026768658, -0.4760478428931765
1.0601665642949212, 2.917766444459003
1.0601665642949212, 2.7870842307629307
1.0626538345186876, 2.3966816261014836
1.0576792940711557, 2.175683274915102
1.0431536359643654, 2.0424067219183013
1.0758363667046438, 2.7293854912981006
1.0943338026319096, 2.8506384031786474
1.0943338026319096, 2.630937151408675
1.0943338026319096, 1.9893381700065338
1.0943338026319096, 0.2718314072270793
1.0915061691143664, -0.27720095772148046
1.0943338026319096, -0.3353608022578789
1.0915061691143664, -0.39328895136049447
1.0915061691143664, -0.45152381427441224
1.0935208579956153, -0.5241732728404362
1.1031963391660633, 2.1546595363667134
1.107175971524088, 2.906870966685229
1.107175971524088, 2.790114488813181
1.1044107122753144, 2.388276819556072
1.111653057926866, 2.745860017361679
1.111653057926866, 2.7108420414714836
1.1462261140372054, 2.8471333729547763
1.1462261140372054, 2.6379208413473156
1.1228457739338107, 1.9949389065417495
1.1462261140372054, 0.28713379412760265
1.1420332870885725, -0.28980200197483263
1.1424330269459637, -0.3390846627575588
1.1462261140372054, -0.39102846417682446
1.1393765544979133, -0.4485361004507986
1.1444850248805696, -0.5199884528450225
1.169535389277065, 2.8954438459630576
1.1704442714791328, 2.1246053967755887
1.1710988162748612, 1.934557932322206
1.172690669218071, 2.767265371638221
1.1715962703196134, 2.7094260666635117
1.1741084132456163, 2.3719612965571457
1.1868041511163505, 2.8428468809478122
1.186768618684582, 2.6465787214908887
1.1844057119720062, 0.2910819725161331
1.1877635267740891, -0.2959511252333997
1.1877635267740891, -0.3396565881569322
1.1855249835727002, -0.3752634280036249
1.1877635267740891, -0.4218942793810938
1.1855249835727002, -0.4539778993459338
1.1857737105950776, -0.5199386335593625
1.2195508402338109, 2.6336790850254337
1.2193518586159109, 2.91181303982267
1.2168645883921454, 2.1149535656959406
1.2011947859824228, 1.9414329937432433
1.227540717506462, 2.78202230392095
1.226714178478256, 2.7059974717931192
1.2230205821959648, 2.3667153257771805
1.251031826729133, 1.8751209024625306
1.251031826729133, 0.31166585921350043
1.249270166164632, -0.33312647953668284
1.2499950277727012, -0.3856514607677508
1.249270166164632, -0.44744160906738273
1.2502188820928386, -0.5216623808431877
1.259148182196157, 2.669568582101749
1.2571583660171455, 2.6170096814444435
1.260845378348844, 2.3501914409423477
1.2598943632632875, 2.0902930192943945
1.2611087363725377, 2.917146633934472
1.2661125388227013, 2.80918531136371
1.2661125388227013, 2.766628570457967
1.2593969092185344, 2.7345275532822617
1.3019292300449234, 2.6856334829276807
1.27842452643034, 1.876867199528286
1.301369594244576, 0.33266862122055896
1.2987313111857959, -0.3191689457910458
1.295773236241104, -0.3619367690896578
1.2974521436421456, -0.43953936455656173
1.3003011986257325, -0.518670506288025
1.3126742374115907, 2.6403377884058914
1.331619381979134, 2.9410228736252457
1.329857721414632, 2.752989157139581
1.331425328698518, 2.604691796461762
1.3308064373428397, 2.3261375176073633
1.3308064373428397, 2.053526386477544
1.3305328376182266, 1.8123014053133288
1.339238283401405, -0.3857703153492529
1.339536755828258, -0.4643482818488551
1.3411037360692295, 0.33872166442821117
1.3444615508713125, -0.3160980443541779
1.3411037360692295, -0.3540603400268614
1.3432179157594297, -0.43205741365567096
1.3416962916225388, -0.5208764083482511
1.3489386372740904, 2.6647876703995053
1.3834122025754803, 2.9604964457693184
1.374557520578875, 2.745615902861947
1.3791589704928406, 2.614557019781083
1.379718606293188, 2.315600738690339
1.3702047976872849, 2.0521812657647325
1.360131353281035, 1.8185786353064497
1.4088525876642062, 2.7219722559971014
1.4067873063205094, 2.5761829845685718
1.408135668599709, 2.014268789377709
1.4077298508263572, 1.7449509752367616
1.4077298508263572, 0.36754736531767396
1.404902217308813, -0.29497285562408226
1.4077298508263572, -0.35660449482536194
1.4059681902618553, -0.43443735210204215
1.4069169061900628, -0.5185237658466271
1.4183334765171467, 2.296046669068911
1.4216912913192306, 2.963948922265535
1.4250491061213135, 2.6322869918432854
1.4492660734817941, 2.7247823834042584
1.452522136320178, 2.581310992951098
1.437137239408814, 2.017656500802568
1.4384803653296472, 1.7513225996658692
1.4581795455018702, 0.3904191371572705
1.4566374379631353, -0.2863858223867397
1.4541501677393698, -0.3627587873030431
1.4578810730750171, -0.40033344148635486
1.4541501677393698, -0.4383097340059616
1.4557781991585608, -0.5039421138366333
1.472618149150828, 2.277937358731614
1.4883174060763573, 2.982462031023442
1.487504461440063, 2.6778776165361804
1.4870567527997856, 2.5424158473295297
1.487504461440063, 1.9748816621351586
1.4883174060763573, 1.676326220274373
1.4962347799254814, 2.2610934582500732
1.5011595749685367, 2.7302117797359706
1.5011595749685367, 2.598210600452058
1.4983943157197621, 0.4010851531623887
1.4983943157197621, -0.28002067600715996
1.5011595749685367, -0.3594408228781081
1.4989210317671477, -0.3967986445514531
1.5011595749685367, -0.4367404265076815
1.4966824885657588, -0.47421698414518243
1.4974286696328885, -0.5209748747010843
1.5168293773782584, 2.986058009537224
1.5380955377914538, 2.6685454679464073
1.5375867779729568, 2.5473681431255866
1.5168293773782584, 1.9817866151275916
1.5168293773782584, 1.6822730697415398
1.550087733513179, 2.244149207493132
1.5655506117614295, 2.7096920951366092
1.5644278749235805, 1.6054359988483013
1.5644278749235805, -0.44436614844347044
1.5644278749235805, -0.5185332052902263
1.568433689073435, 2.5071212433005394
1.568092016690064, 1.9343486913224355
1.567818416965451, 0.43828550681910006
1.568092016690064, -0.2564942509909258
1.5674764173096833, -0.3618620401611685
1.5660773278088151, -0.4018854308520017
1.57831469730974, 2.6413142464048214
1.5789116421634444, 2.229886657712844
1.5817471302185369, 2.56521030563108
1.6133354620603586, 2.7149272228955783
1.5938352635060373, 1.6087398041078387
1.613086735037982, -0.44629078356864404
1.612476223255784, -0.5168770120042763
1.6190561835750183, 2.5114378596542943
1.5974169326282595, 1.9417319094572012
1.6126390263977046, 0.4522946899466045
1.6206977819227046, -0.23604841615618932
1.6206977819227046, -0.35352229174173644
1.615325278239371, -0.4132008140334782
1.6450154301735815, 2.6142293362390148
1.6461381670114306, 2.4724391763125793
1.6450154301735815, 2.197005929177449
1.6450154301735815, 1.8956988895076485
1.6450154301735815, 1.5334130441903886
1.6461381670114306, 0.4790494046735865
1.6550923398169863, 2.7080463003821107
1.6596891344123512, -0.453746013216318
1.6558677828867485, -0.5170601859434694
1.660096142267149, 2.5333857459516707
1.6574098904254826, -0.2315048973040259
1.6580611029931593, -0.34633201011325276
1.655619055864371, -0.39561816471601263
1.6592007249865932, -0.4197022308120677
1.6927149146302445, 2.608997187501462
1.6939940821738957, 2.482534489374745
1.6931146544876357, 2.183106348478396
1.6927149146302445, 1.881607148706765
1.6735274014754826, 1.5393913584695513
1.6887494952449278, 0.49426245618632647
1.7217804438165323, -0.3401906508992041
1.7193642384563028, -0.4449819597639557
1.7211258990208038, -0.5172305620736086
1.7245164410626743, 2.7058601129055146
1.7247900407872874, 2.4160812559373666
1.7247900407872874, 1.461673272840436
1.7262575302193102, 0.5232772081545298
1.7245164410626743, -0.2103615924700537
1.7317295247115942, 2.590578285888994
1.7338363889011368, 2.1632460367774713
1.7338363889011368, 1.8583520085401732
1.7373847917466825, 2.490006258480413
1.7700334861575828, -0.3308246251951821
1.7675462159338164, -0.4340010775004792
1.7675462159338164, -0.4676782029023485
1.7691742473530083, -0.5188335512229112
1.777395806019928, 2.70886919775936
1.7759407529390248, 2.42926343892292
1.7541149567254837, 1.4688472499754313
1.769337050494928, 0.5401759098502965
1.777395806019928, -0.19408064991646734
1.7860141973452754, 2.5844006944671922
1.802836191108654, 2.464471021153244
1.802119272044156, 2.3774513818368432
1.8017134542708049, 2.131118612858677
1.8017134542708049, 1.8251862458255244
1.8017134542708049, 1.3893671348745629
1.802836191108654, 0.5711506111272757
1.8129140248152988, 2.570770137910701
1.8125658069839719, -0.3317213723370567
1.8145556231629834, -0.42947677465849887
1.8145556231629834, -0.4681265764732858
1.813966532846829, -0.519382755214107
1.8141079145227068, 2.7054017754774455
1.8148354410631575, -0.19148008320503163
1.8436566847810396, 2.4536748888961677
1.8536057656761016, 2.3899062032517655
1.8494129387274678, 2.122191596198213
1.8494129387274678, 1.8167851410227007
1.830225425572706, 1.3959118157696464
1.8402988699789566, 0.5842061945163297
1.8814880648845116, 2.7063583057621114
1.882301009520806, 2.5591029856227356
1.8829555543165344, 2.3427107333034867
1.882301009520806, 1.317721757960597
1.8829555543165344, 0.620524453762243
1.882301009520806, -0.17578700822222926
1.882301009520806, -0.3230423283616055
1.8818435982164972, -0.4418571601995529
1.8782794862958547, -0.49817956235463656
1.8812642105643733, -0.5335891178301173
1.8911635460549596, 2.100954346425568
1.8911635460549596, 1.7962595953309088
1.8951431784129844, 2.450211452157106
1.8951431784129844, 2.4134806892259304
1.9340938301171522, 2.713352933468732
1.9327009587918433, 2.5565018944977664
1.934012428546192, 2.3432844099262344
1.910812980822707, 1.3247698758476099
1.9260350745921522, 0.6391767943132312
1.9327009587918433, -0.16343182537862644
1.9340938301171522, -0.31603826121138656
1.93040023383486, -0.4311357568709666
1.9340938301171522, -0.4893773486234667
1.93040023383486, -0.526639327480591
1.9579540670637203, 2.416761728768553
1.9620507474322753, 2.3677465849903356
1.9584114783680282, 2.0756146844984507
1.9584114783680282, 1.774685222572597
1.9584114783680282, 1.2473979031504465
1.9595342152058781, 0.6743292822747073
1.9676160145579504, 2.3049518663805806
1.9723729188609016, 2.7122992555770296
1.9723729188609016, 2.548194528614013
1.9723729188609016, -0.1639051085923935
1.9729654744142109, -0.31662905932838603
1.9757307336629855, -0.4290284010875616
1.9734921904615965, -0.47706557972879615
1.9737555484852893, -0.5217204056582503
2.004831795281041, 2.417605726078553
2.004831795281041, 2.3709499650582537
2.0023445250572753, 2.0704649436018383
2.004831795281041, 1.7699749402168568
1.987818866950486, 1.2503996462148261
1.9943852603412267, 0.682400006551577
2.026844136761366, 2.305213417630294
2.0389990336180293, 2.716836088156644
2.038186088981735, 2.538128541946473
2.038186088981735, 1.178390850722311
2.0396535784137577, 0.7283333879298106
2.0389990336180293, -0.15785206538474128
2.038186088981735, -0.31388606807088815
2.0371307757582247, -0.4369600380526304
2.0367310359008317, -0.5170142414911387
2.0501996041625232, 2.271854423952566
2.047861570152183, 2.053028193620947
2.0518412025102086, 2.4089969535165583
2.0518412025102086, 2.3573073095323887
2.049075943261434, 1.7598153225977387
2.053184328431041, -0.4803223376027774
2.090891345023326, 2.724093971456961
2.090891345023326, 2.536374903091252
2.0675110049199303, 1.1860729845710352
2.0827330986893755, 0.7496560421921576
2.090891345023326, -0.15386652253196642
2.0893989828890667, -0.3075091995064474
2.086698518074692, -0.4309756234527744
2.090240828195571, -0.5238628603682489
2.1162322393031014, 0.7863699251771332
2.116758955350486, 2.391192446626979
2.118500044507123, 2.3323245984169096
2.118773644231736, 2.2509901071182883
2.118773644231736, 2.035681118354243
2.118773644231736, 1.7514122743800566
2.118500044507123, 1.112938273222611
2.125713128156042, -0.48821039116556175
2.129663498511435, 2.7242932485996
2.129663498511435, 2.5314398632647275
2.129663498511435, -0.15584757177349262
2.129070942958126, -0.31142001343073344
2.132428757760209, -0.4292077505159364
2.132428757760209, -0.5374451305401777
2.15108328443845, 0.7941944835719195
2.1676858131820844, 2.3794939725488904
2.1713794094643766, 2.3152569856192873
2.1676858131820844, 2.2384804844891404
2.1713794094643766, 2.030928358502309
2.1713794094643766, 1.7552682870901166
2.1480985601699314, 1.1191158646444128
2.1956970577152526, 2.987866112483685
2.1956970577152526, 2.731467225734595
2.1956970577152526, 2.524649016487561
2.1956970577152526, 1.049547165322156
2.196351602510981, 0.8429177449470959
2.1956970577152526, -0.15964555966849003
2.1956970577152526, -0.31454682912279575
2.1956970577152526, -0.4473912653681902
2.1928694241977094, -0.5264966631625652
2.2073338571913, 2.2207352381624332
2.210777769808821, 2.37635535755233
2.204062140204654, 2.338731833022133
2.210777769808821, 2.3000322119216863
2.199585053801876, 2.2533216496871615
2.2080915179671545, 2.0247109116519795
2.2080915179671545, 1.7528171782356599
2.2433965421719164, 2.9805707710738494
2.2475893691205493, 2.7390397571548677
2.2460348252306956, 2.525663756674419
2.2251044462977103, 1.052397877288957
2.2342824734234044, 0.8586108199298979
2.2460348252306956, -0.16166324073770744
2.2460348252306956, -0.31254094735807625
2.2433965421719164, -0.4353312524275932
2.2400510270577523, -0.5193101441095016
2.2754716683289593, 2.351515461722409
2.2748560689485786, 2.271660128738493
2.2754716683289593, 2.2065562862384116
2.2762846129652536, 2.0169013453146736
2.2762846129652536, 1.7605260571745802
2.2754716683289593, 0.9881907819307498
2.276939157760982, 0.9004092005983773
2.276939157760982, -0.53319056354484
2.2851471494994073, 2.96312690405215
2.2863615226086584, 2.7399071988345893
2.2863615226086584, 2.5195184012609855
2.2863615226086584, -0.16903502974223406
2.285768967055349, -0.31803352360205706
2.286543847394291, -0.440465376173929
2.2886790732171556, -0.48068103645952753
2.3280774335616, 2.3465833524421
2.3243838372793078, 2.268297326956464
2.3280774335616, 2.200975529858813
2.3280774335616, 2.0190912962295666
2.3280774335616, 1.7753554230681032
2.3227049298782663, 0.980717889081796
2.3243838372793078, 0.9218314934320437
2.3259881265736353, -0.5337684672584921
2.352395081812477, 2.937341490621761
2.352395081812477, 2.7471367021084
2.352395081812477, 2.5136992619130947
2.3562830778990995, 0.9503672685538325
2.352395081812477, -0.18343295753715871
2.352395081812477, -0.32596855587719586
2.3513085374515694, -0.4519851279195466
2.364789542064378, 2.340007206735021
2.3654407546320546, 2.2570716831895457
2.367882801760842, 2.2005494390956435
2.3562830778990995, 2.175483997772463
2.3655170686048295, 2.014629979198742
2.364789542064378, 1.7780456644937264
2.3688189198268774, -0.5306537655190486
2.3988153987254894, 2.929872530874307
2.4042873932177726, 2.7541848199954133
2.40273284932792, 2.514902790971926
2.386663307060806, 0.9531407793569162
2.4000945662691398, -0.1868041873938293
2.40273284932792, -0.327337275199004
2.4000945662691398, -0.44250522956258864
2.426743890095198, -0.5378166400703823
2.4318960927015696, 2.3288277590329867
2.431554093045802, 2.235117682707111
2.431348893252341, 2.179405771939594
2.4321696924261826, 2.0175668260883803
2.432982637062477, 1.8022483978807369
2.4336371818582054, 1.0135986176171912
2.432982637062477, 0.8782212640061515
2.4391091763504895, -0.20338689247769715
2.4418451735966316, 2.9078274969698947
2.445308219062029, -0.4736036320936572
2.4430595467058818, 2.75414965344083
2.4430595467058818, 2.5071749406022437
2.4430595467058818, -0.3353024998121237
2.4368706331491006, -0.44122416221705363
2.477444228674275, -0.5378766901022045
2.4847754576588232, 2.3234472761817404
2.481081861376532, 2.235117682707111
2.4847754576588232, 2.171550266976774
2.4847754576588232, 2.026982671078062
2.4833825863335144, 1.827944661010471
2.4767167021338232, 1.0333868378812197
2.461494608364379, 0.8847659449012348
2.4933938489841707, -0.21277782782454846
2.5090931059097, 2.8786281514379843
2.5090931059097, 2.7580864566828667
2.5090931059097, 2.498407363283236
2.510215842747549, 1.068476026044447
2.5090931059097, 0.830740862704801
2.5097476507054286, -0.34706571232024075
2.5081842237076324, -0.4558283299561512
2.521095821101358, -0.22746206227274213
2.5196967316004906, -0.5081879247150969
2.5230545464025735, -0.5471150538867233
2.5230545464025735, 2.317730513152291
2.5264123612046574, 2.2321584171389257
2.523334364302747, 2.1748349236507254
2.523647101955883, 2.0257799749113126
2.5230545464025735, 1.8340475235037832
2.5588712376247957, 2.1588941756477866
2.5530261525989473, 2.8703633941538085
2.558000693046479, 2.7637501228420733
2.558000693046479, 2.4963201974208618
2.5474546672977127, 1.079658990401939
2.538500494492157, 0.833591574671602
2.558000693046479, -0.3505530623164188
2.5555134228227128, -0.4544511825597013
2.573981404234171, -0.23766256101156324
2.589680661159701, 2.305748319434219
2.586853027642158, 2.219343085256866
2.589680661159701, 2.037762515667752
2.589680661159701, 1.8717227027670065
2.5903352059554297, 1.1180198403598998
2.589680661159701, 0.7873194221508828
2.588106611834935, -0.540362377099429
2.598543197693855, 2.847845077035629
2.5974566533329475, 2.1627205215351077
2.600881231704195, -0.2520702984243455
2.599757570803106, 2.7604796332658257
2.599757570803106, 2.4859695081885076
2.599757570803106, -0.3617829154133565
2.6025228300518797, -0.4544960199167951
2.5983655355350153, -0.5008852985948202
2.641572972564997, 2.301227874777519
2.637380145616364, 2.2113538834474396
2.641572972564997, 2.051334337908518
2.6334147262310474, 1.8885249123726533
2.6334147262310474, 1.1345399154846525
2.6181926324616023, 0.7944933992858778
2.6409224557372437, -0.5492477025382323
2.6688396723930263, 2.819304408948284
2.668634472599565, 2.766221159410794
2.669181672048794, 2.4686206745940744
2.669455271773408, 2.1528839770258017
2.67092276120543, 1.9154273266288855
2.67092276120543, 1.165248523165285
2.669455271773408, 0.7484005961935334
2.668383127398006, -0.27631708254814935
2.669181672048794, -0.3759608980028606
2.6688396723930263, -0.473451012628165
2.678116712006475, -0.5272330529234246
2.680345126053106, 2.2946986178098845
2.6831103853018807, 2.208663642021816
2.680345126053106, 2.0543703837875436
2.6831103853018807, -0.5622850263700983
2.7183674407237564, 2.8137437760015716
2.7220610370060476, 2.761597929701575
2.7183674407237564, 2.460873775673993
2.7220610370060476, 2.1510924755134795
2.7140022814810476, 1.9319274740393746
2.7140022814810476, 1.1793772725783729
2.7183674407237564, 0.7357564614931045
2.7183674407237564, -0.2867594670291873
2.7220610370060476, -0.3845497428505915
2.7183674407237564, -0.46745401611687987
2.7463786852569245, 2.281772132693577
2.7463492307411177, 2.1885989247223763
2.7463786852569245, 2.0727828514188467
2.7475014220947735, 1.9637461726263536
2.7475014220947735, 1.2068915848843549
2.7435510517393813, -0.5312322127158162
2.7561922368766356, 2.443558643361036
2.756982310947715, 0.7146829036590558
2.7561922368766356, -0.305973593289643
2.756982310947715, -0.5674209418190155
2.761459397350493, 2.806793985652045
2.759500672049277, 2.756912425885281
2.762680420914886, 2.1429076197821892
2.759500672049277, -0.39235144298489866
2.761459397350493, -0.46752874504536956
2.7967164527723676, 2.2777131719461456
2.7940781697135875, 2.1931261252166863
2.7967164527723676, 2.0924103389349313
2.7849641009650763, 1.9773028794182195
2.7940781697135875, 1.2298000832986253
2.7980222696398447, -0.534994021685721
2.8241386069893823, 2.76996213486124
2.8269662405069256, 2.4140187375110553
2.8255376964902497, 2.141833561273626
2.827620785302654, 2.0144680665203474
2.8269662405069256, 0.6894323920325922
2.825879696146018, -0.33705203590264343
2.826004059657206, -0.3989275886919774
2.825879696146018, -0.4662500500467712
2.8358287770410793, 1.2414720302246096
2.8370431501503304, 2.2681127025449017
2.839808409399104, 2.192701542896452
2.8405545904662346, 2.093826867290522
2.843645912030057, -0.5301622626808116
2.8330927797949372, -0.5608758522900104
2.870700305578272, 2.7682338585514454
2.870700305578272, 2.4061273626625606
2.879585600131477, 2.156846110288964
2.8554782118088267, 2.020645657942149
2.8750654648209797, 0.6835209404789202
2.8750654648209797, -0.34437547089461784
2.877366189777963, -0.41027926878157794
2.87686873573321, -0.47943792666497176
2.9041994461919978, 2.3758278592335804
2.90261929804984, 2.2502129262619968
2.901315048789647, 2.0854652932792765
2.9030767093541487, 1.2694862011713528
2.9002490758366046, -0.537292567065391
2.908208340552654, 2.7552808442799264
2.910882156043202, 2.193418940609951
2.91289026097386, 0.6664168074934627
2.9239136753941444, 2.1510156114727472
2.920395964649105, -0.35298424345661195
2.9170381498470213, -0.4114393464333679
2.920395964649105, -0.47944950371801953
2.920395964649105, -0.5638543338683788
2.930469409055355, 2.3790455989779535
2.9494970262671605, 2.250362384118976
2.952630986749105, 2.1131899629835877
2.93158868065605, 2.069667835031283
2.951984296490927, 1.2863093873183298
2.954869529950494, -0.5122166442821108
2.9581068078109642, 2.7520234294483314
2.9715093677474855, 0.6550492187244079
2.983664264604149, 2.3330283114343984
2.983664264604149, 2.18222758122909
2.983206853299841, -0.39180811971658613
2.9818698048718626, -0.4451913102566625
2.9843188093998774, -0.5516236992389261
2.991581638453273, -0.49036590559177107
2.9965064334963283, 2.243636780554918
2.993708254494592, 2.121006608903593
2.9937411742475537, 1.290974816893049
2.997691544602946, 2.7497186675633327
3.0035951536340595, 0.6528073508697219
3.01217623590605, 2.340485471877354
3.037120003007242, 2.172729702979563
3.031763488918203, -0.3971465492296433
3.031763488918203, -0.440999975431585
3.034881459805853, -0.5096238046435531
3.031363749060812, -0.5557515829078703
3.0589617888150777, 2.745904854718773
3.05984403819445, 2.2807726621948934
3.059774733451372, 1.303656986998567
3.0621703674037364, 2.2233553493628584
3.0623667308424536, 0.6435566961430172
3.07603362617725, 2.1632801456913153
3.0748554455449395, -0.40940209350192713
3.0770939887463284, -0.45174599534838
3.0770939887463284, -0.49220423723261364
3.078111508383324, -0.5342203346494623
3.076347807679199, -0.5578012906607266
3.1072282241496416, 2.744711491214586
3.090525247954662, 2.2911643790742615
3.10868232058815, 1.3106211987202583
3.1168711794787014, 2.220562786788996
3.1160446404504962, 0.6449159760212266
3.1393254897449405, 2.15515772922331
3.1360422930495706, -0.43487220329544307
3.1393254897449405, -0.5100943427130082
3.1348484033421626, -0.5584469486028762
3.1542491110875335, 2.7434238542929203
3.1523434794391716, 1.3083984921292875
3.158640919654068, 2.242868140147597
3.1610393587984125, 2.200480824352212
3.1558500086497383, 0.6413942054276842
3.168874260003274, 2.1611360435024727
3.168874260003274, -0.42044952009696335
3.168874260003274, -0.4555721164870441
3.168874260003274, -0.5010073050086805
3.1677549884025793, -0.5513447112392309
