-3.156593913813493, 2.202240983914286, 146, 11821.972602739726
-3.156195176851212, 2.749265443454801, 65, 1121.9999999999998
-3.1560301326343505, 1.3165763824872858, 50, 558.5799999999996
-3.1558350803780595, 0.6492711321946825, 50, 571.7
-3.124295721603255, 2.7495364951785133, 66, 1147.5303030303025
-3.123778048296121, 2.2023819919022385, 151, 12528.741721854258
-3.1246267193715065, 1.3165763824872858, 50, 558.5799999999995
-3.1246679804257216, 0.6494879735736525, 52, 621.9807692307692
-3.061387741140263, 2.750392210700146, 167, 4533.580838323351
-3.0611077973069776, 2.291738738645426, 126, 2526.7301587301613
-3.061328422593746, 1.3122758374220902, 127, 2571.14960629921
-3.061572207441004, 0.652764974571971, 126, 2526.349206349203
-2.982642285088639, 2.7546808747926357, 172, 4793.488372093029
-2.9831336958118526, 2.340398976664215, 129, 2647.038759689922
-2.9827385871900747, 2.2410587589464193, 126, 2528.2698412698414
-2.983115539510147, 1.299327959806447, 127, 2569.291338582682
-2.9828627394992377, 0.6618780490331142, 125, 2489.791999999999
-2.9041683823646283, 2.7622292936383643, 186, 5683.704301075271
-2.904583581747393, 2.384042739998183, 129, 2649.100775193796
-2.904291975384168, 2.2596714553533506, 126, 2526.5714285714303
-2.9040579419308, 1.2778406486204874, 127, 2566.0314960629867
-2.904864260313105, 0.6771516120947676, 127, 2568.0944881889827
-2.9039427535904703, -0.3514647796279542, 127, 2564.440944881886
-2.9042883186114588, -0.4132754811026311, 127, 2566.976377952761
-2.8263826044354046, 2.420953272401537, 127, 2566.2677165354335
-2.8264698404051476, 2.275218867494588, 125, 2487.199999999999
-2.8261495280280196, 2.021066164665914, 128, 2605.8671874999895
-2.826271072867784, 1.2495520316529773, 126, 2526.57142857143
-2.8263826044354046, 0.6982689839202783, 127, 2566.267716535434
-2.8262710728677845, -0.3234227889007424, 126, 2526.571428571427
-2.825921851074087, -0.3981079673243064, 127, 2564.440944881884
-2.747900948557704, 2.4518123807188186, 127, 2564.4409448818847
-2.748438494145908, 2.28897740556209, 127, 2569.4488188976343
-2.7477857602173748, 2.080578232510313, 127, 2565.338582677163
-2.747900948557704, 1.9702438182570132, 127, 2564.440944881893
-2.747785760217375, 1.214439599366112, 126, 2524.5396825396783
-2.74801256516655, 0.7253065804075183, 129, 2645.922480620151
-2.7487919821744313, -0.2943695816545304, 126, 2529.436507936505
-2.747785760217375, -0.3822749541674, 126, 2524.539682539678
-2.6697648577009914, 2.8278403264731162, 128, 2604
-2.669539797405271, 2.7661911177577116, 130, 2687.846153846148
-2.669649669360662, 2.4753035301071997, 127, 2564.4409448818838
-2.669314737109551, 2.3022710341953814, 130, 2690.0000000000014
-2.6695362808381504, 2.0610745284679997, 128, 2606.59375
-2.6697648577009914, 1.9229416760748652, 128, 2607.999999999997
-2.6697648577009914, 1.172253789492923, 127, 2565.338582677169
-2.669764857700992, 0.7577649757579623, 131, 2729.1297709923674
-2.669534481020333, -0.26557719144418934, 127, 2566.031496062987
-2.669764857700992, -0.3666141879084792, 126, 2524.5396825396797
-2.669649669360662, -0.46075103235998816, 127, 2564.4409448818838
-2.5911680134829616, 2.854953798765873, 127, 2566.2677165354335
-2.590592071781315, 2.7671548572197993, 127, 2568.913385826769
-2.590592071781315, 2.49309144768869, 127, 2568.913385826773
-2.5905248785827895, 2.3131761603157006, 128, 2607.7187499999995
-2.5911680134829616, 2.217270826195458, 127, 2566.64566929134
-2.5909376368023027, 2.159652770805847, 127, 2567.0551181102346
-2.5912795450505817, 2.045268107760986, 126, 2526.571428571431
-2.5910912212560753, 1.8797628163476983, 127, 2569.480314960636
-2.5910528251426324, 1.1257030866366806, 127, 2567.3858267716587
-2.5912795450505817, 0.7963219986120742, 126, 2526.5714285714284
-2.591101341161944, -0.23880175482672472, 129, 2649.7829457364314
-2.5911680134829616, -0.35158809274810343, 127, 2566.2677165354335
-2.590982032308472, -0.4535184288481253, 128, 2609.34375
-2.5119675823616063, 2.8849864625519173, 125, 2487.6479999999965
-2.5129230336482813, 2.764983149398738, 128, 2607.171875
-2.5121104159036145, 2.505206961743327, 127, 2566.976377952755
-2.5124459247996533, 2.32399245963106, 126, 2527.7857142857165
-2.512503976066406, 2.2297030526582904, 128, 2609.4296875
-2.5123134953473722, 2.1667847007157133, 128, 2609.1796875
-2.5129230336482813, 2.0331787885692973, 128, 2607.4296874999986
-2.5125620273331597, 1.8412120521611235, 126, 2526.357142857143
-2.512020215510129, 1.0756056635628246, 126, 2526.3492063492054
-2.5124846256441553, 0.8392026681305476, 126, 2526.730158730168
-2.512686357605261, -0.2140939637819903, 127, 2566.771653543307
-2.511894437765497, -0.3371332420997022, 128, 2607.2421875
-2.512020215510129, -0.4470309797300791, 126, 2526.349206349204
-2.4335687660986594, -0.3252041428009145, 128, 2611.0546874999977
-2.433617922413249, 2.914542875156575, 124, 2446.733870967739
-2.433617922413249, 2.7607137356133076, 124, 2446.7338709677383
-2.433838846077517, 2.5145135934046525, 123, 2405.6910569105657
-2.433719911774901, 2.335274213721763, 123, 2407.934959349598
-2.4336572474649203, 2.2442241903241507, 124, 2446.6774193548367
-2.43379063804019, 2.177495686038924, 125, 2487.5840000000026
-2.433578597361577, 2.0255417969586595, 124, 2446.6774193548335
-2.4336237244700527, 1.8098905196432822, 122, 2364.336065573774
-2.433628760025914, 1.0214418435507198, 127, 2566.267716535438
-2.433628760025914, 0.8874004819487777, 127, 2566.2677165354335
-2.433617922413249, -0.19134070419321025, 124, 2446.7338709677338
-2.433838846077517, -0.4414560379665957, 123, 2405.691056910566
-2.3555527011878397, 2.94399100956011, 126, 2526.4920634920627
-2.355243094431821, 2.7537405123504777, 122, 2364.336065573771
-2.3552430944318203, 2.520870664028918, 126, 2526.357142857145
-2.355243094431821, 2.3465605896185444, 122, 2364.336065573772
-2.355557694845193, 2.2604532908424675, 124, 2446.677419354841
-2.3552430944318212, 2.1916216972044698, 128, 2604
-2.3552430944318212, 2.022336271453282, 126, 2526.3571428571445
-2.355457651913742, 1.7856633142407323, 125, 2487.8400000000033
-2.3552430944318212, -0.17315400789252866, 128, 2604
-2.355418641462483, -0.31557301625115075, 125, 2488.4160000000043
-2.355243094431821, -0.4371406129045776, 122, 2364.3360655737724
-2.2772816590667455, 2.9701718637226344, 123, 2414.0975609756074
-2.2773609486018227, 2.7460828505868613, 123, 2405.6910569105667
-2.2774005933693635, 2.526227337273113, 123, 2405.1707317073133
-2.277436749397358, 2.3595051115000976, 125, 2486.208000000003
-2.277581919437287, 2.279713507410898, 122, 2364.3360655737706
-2.2772221919154374, 2.2089512336385213, 122, 2364.3360655737724
-2.2773609486018227, 2.024764508730361, 123, 2405.6910569105735
-2.2774333705393746, 1.768688523373504, 127, 2564.440944881886
-2.2774930978269534, 0.9972086134214417, 126, 2525.468253968254
-2.2775761173804825, 0.9088281254959578, 124, 2446.733870967742
-2.2774005933693635, -0.1593075987001904, 123, 2405.170731707316
-2.2774005933693635, -0.30837135559150086, 123, 2405.170731707316
-2.277222191915438, -0.43322542133984765, 122, 2364.336065573771
-2.1992012893990545, 3.010357345005388, 34, 308.0294117647058
-2.1987136587583267, 2.982775134484664, 55, 642.9090909090901
-2.1992012893990545, 2.7380797460915574, 122, 2364.3360655737692
-2.1989867319171337, 2.5317735403482233, 125, 2486.2080000000005
-2.199201289399054, 2.3733892793571867, 122, 2364.336065573764
-2.198736879265028, 2.3024589060250444, 126, 2529.285714285719
-2.1992012893990545, 2.2291048426766404, 122, 2364.336065573771
-2.1989901107751173, 2.03193120661154, 127, 2566.7716535433037
-2.1989867319171337, 1.7597290853159597, 125, 2487.8400000000033
-2.199201289399054, 1.057884913607864, 122, 2364.3360655737697
-2.1990228879451297, 0.8508118250001835, 123, 2405.1707317073206
-2.1992012893990545, -0.14966285850414796, 128, 2604.000000000002
-2.1987687138306677, -0.30415505468337756, 124, 2446.8225806451624
-2.198729388778995, -0.4300095190141384, 124, 2447.4758064516036
-2.120162889876428, 2.7303767191353656, 127, 2568.535433070866
-2.120315235745897, 2.538116150683086, 124, 2446.0967741935474
-2.120315235745897, 2.3893388712233414, 124, 2446.0967741935474
-2.120315235745897, 2.3266958061876597, 124, 2446.0967741935474
-2.12044507083713, 2.2540783245465934, 126, 2526.3492063492035
-2.120086097649542, 2.044200862066364, 127, 2570.110236220477
-2.1203289683036224, 1.759614488280319, 126, 2529.984126984134
-2.120315235745897, 1.1208168042507785, 124, 2446.0967741935474
-2.120715976748645, 0.7934322143619181, 126, 2527.57142857143
-2.120508454897417, -0.14574766693941754, 127, 2565.3385826771623
-2.1204700587839733, -0.3018620770480269, 127, 2569.0393700787413
-2.120561173370636, -0.42882223165919164, 126, 2528.007936507935
-2.0419404077644696, 2.723904225403171, 128, 2607.71875
-2.0414953480526954, 2.545542585476503, 126, 2526.984126984125
-2.0419884029062727, 2.28204104255371, 127, 2569.2913385826796
-2.0419404077644696, 2.0607686541270045, 128, 2609.218749999995
-2.0414832540387877, 1.7670986993381457, 128, 2608.2421875000005
-2.0418823564977164, 1.1873750608511917, 126, 2526.3571428571404
-2.041959758186721, 0.7368483743668883, 126, 2526.730158730162
-2.0418823564977164, -0.14770526272178275, 126, 2526.3571428571404
-2.0417580262256148, -0.30306437996947944, 127, 2568.094488188981
-2.0419404077644696, -0.4274579349953904, 128, 2607.71875
-1.962700428646267, 2.7182149626606726, 128, 2604.000000000002
-1.9629308053269265, 2.5541930987225094, 127, 2566.0314960629917
-1.963698727595788, 2.3136708578719234, 127, 2568.866141732286
-1.962930805326926, 2.0835377473938888, 127, 2566.0314960629926
-1.9628156169865962, 1.7826537342303763, 127, 2564.440944881883
-1.9638523120495612, 1.2558909132339688, 127, 2568.91338582677
-1.9630432939405285, 0.6820706495282094, 128, 2605.8671875
-1.9635067470285728, -0.15422544394965998, 127, 2567.0551181102387
-1.9634564451435195, -0.30684717721528987, 129, 2649.1007751937927
-1.963919505248086, -0.4274579349953904, 128, 2607.71875
-1.8844491494492261, 2.7138835893154396, 127, 2566.0314960629976
-1.8847947144702135, 2.565692047176402, 127, 2564.4409448818847
-1.885019733553647, 2.3488667165600265, 129, 2649.9534883720844
-1.8850953352033726, 2.1085528653233343, 129, 2647.9844961240337
-1.8846795261298848, 1.8054358331779004, 127, 2565.3385826771687
-1.8846795261298843, 1.3254677526438294, 131, 2729.129770992364
-1.885332260058417, 0.628936182116516, 127, 2569.448818897632
-1.885332260058417, -0.16584770552370154, 127, 2569.4488188976393
-1.8846795261298848, -0.31248511087863884, 126, 2524.539682539679
-1.8062776621754326, 2.7116080768951902, 128, 2610.718750000001
-1.80631575831924, 2.580938558422322, 128, 2605.867187500001
-1.806658623613501, 2.3854236796586115, 128, 2604
-1.806658623613501, 2.1387666110806136, 128, 2604
-1.80631575831924, 1.833136969558867, 128, 2605.867187500005
-1.8061633737440121, 1.397938957191834, 128, 2607.5546875
-1.8056524016564446, 0.5787181372802888, 126, 2529.436507936502
-1.8060109891687848, -0.1817796643085745, 128, 2607.4609375
-1.806428246932843, -0.32038987335041114, 127, 2566.031496062992
-1.727562629920711, 2.7120030642331674, 127, 2567.8740157480265
-1.727562629920711, 2.598462508855994, 127, 2567.8740157480256
-1.7279765270079965, 2.4951485822396493, 177, 5102.881355932209
-1.7278250033625717, 2.4243270117145013, 126, 2526.492063492058
-1.7281805673714357, 2.1704246053735483, 128, 2607.9296875
-1.727562629920711, 1.8663216862514596, 127, 2567.8740157480293
-1.727951990508595, 1.470278238837043, 128, 2608.960937499996
-1.727562629920711, 0.531241362678486, 127, 2567.874015748034
-1.7274186444952992, -0.20037682424104286, 128, 2607.718749999998
-1.7280662789400154, -0.3304651814660211, 128, 2608.1093749999964
-1.6501524084467083, 2.7147658653298388, 126, 2526.5714285714284
-1.6500408768790877, 2.620628042202773, 127, 2566.267716535439
-1.650231847022265, 2.5268599749344873, 152, 3686.6776315789425
-1.649925688538758, 2.463650440253121, 127, 2567.1496062992114
-1.6501524084467083, 2.204858773447129, 126, 2526.5714285714284
-1.6501524084467083, 1.9033890229629091, 126, 2526.571428571425
-1.6493315905354065, 1.5416998974592684, 129, 2647.0387596899186
-1.6501524084467083, 0.4870218649983933, 126, 2526.5714285714266
-1.6500408768790877, -0.22180103379130145, 127, 2566.2677165354403
-1.6502739532864732, -0.33979434886635485, 128, 2605.867187499996
-1.6501988494601108, -0.5091893067625088, 140, 3118.857142857146
-1.5711368637535132, 2.719956760482777, 127, 2567.244094488193
-1.5714646129778633, 2.6481956767170387, 125, 2487.8400000000015
-1.5710473592998784, 2.5605226861920487, 148, 3497.716216216208
-1.5713574890402815, 2.5025997700601774, 126, 2526.7301587301595
-1.5708930789062552, 2.23879043367479, 126, 2526.349206349205
-1.5714149356063385, 1.9425482213326148, 128, 2609.7343749999964
-1.5714149356063385, 1.6136721298952839, 128, 2609.7343749999964
-1.5713574890402815, 0.4471241985768586, 126, 2526.7301587301636
-1.5714348907292854, -0.24558505184003598, 126, 2526.3571428571445
-1.5714283497414825, -0.5079028866769546, 142, 3213.359154929577
-1.4929239806699144, 1.982790928232172, 127, 2568.881889763781
-1.4932978856793957, 1.6844179518783593, 126, 2527.5714285714284
-1.4927766594119518, -0.5080000722831715, 141, 3173.985815602838
-1.491690437926763, 2.980615512812339, 71, 978.8732394366202
-1.4926635014363163, 2.2723059649704282, 125, 2487.5840000000026
-1.4925625696338543, 0.4102095352522608, 126, 2524.5396825396792
-1.4924907858093746, -0.2696445354878132, 124, 2446.7338709677338
-1.4924851679448499, 3.008591670378157, 21, 137.80952380952385
-1.4141744735048345, 2.969711208012677, 125, 2491.5200000000004
-1.4141159578279474, 2.728002941572498, 200, 6954
-1.4141159578279474, 2.3048008502833612, 130, 2687.3923076923074
-1.4139611544499386, 2.0225227091468403, 126, 2528.8015873015797
-1.4142887403384412, 1.7526578177541368, 127, 2566.818897637802
-1.414475685349795, 0.37693040695205493, 122, 2364.3360655737706
-1.4143305153098673, -0.29405512341139506, 125, 2486.2079999999996
-1.4142683424031746, -0.3618907112598002, 160, 4168.037500000007
-1.4144352397950897, -0.43118377577759937, 168, 4661.755952380952
-1.4141159578279474, -0.5079028866769542, 140, 3134
-1.336095055311564, 2.947626544584502, 126, 2526.3571428571445
-1.3357411298465198, 2.333957855057723, 124, 2446.733870967741
-1.336095055311564, 2.061686277149989, 128, 2607.5
-1.336095055311564, 1.8196784985551082, 128, 2604.0000000000036
-1.336095055311564, 0.34756647021657905, 128, 2603.999999999998
-1.335797719555023, -0.4305778532735345, 164, 4419.140243902434
-1.3357617825714985, -0.5083676396324801, 139, 3092.8920863309363
-1.2573748375352225, 2.9236411185201754, 129, 2647.4728682170576
-1.2570566557889382, 2.3584335204860034, 127, 2568.535433070865
-1.2572741337752373, 2.0982688483329355, 128, 2609.4296875000014
-1.2571364015630127, 1.8824119141653601, 130, 2688.62307692308
-1.2572227342161328, 0.3215584119651571, 126, 2528.5873015873035
-1.2572127693280275, -0.4324944215993831, 167, 4550.9580838323245
-1.2567873497154833, -0.5096701606471457, 144, 3310.6319444444484
-1.1788821688187827, 2.9006413097810704, 127, 2569.2913385826823
-1.1786213190322168, 2.842444612468538, 126, 2528.9603174603158
-1.1788821688187827, 2.634408283379422, 127, 2569.2913385826814
-1.1789003251204884, 2.3795508923115163, 129, 2647.038759689922
-1.1782955119226872, 2.131922613422888, 129, 2649.550387596893
-1.1786517921381239, 1.9417584875025982, 127, 2568.0944881889814
-1.1786517921381239, 0.29987512099896074, 127, 2568.094488188981
-1.17834488442863, -0.5105263313648858, 147, 3443.4557823129157
-1.1008132711605945, 2.637770010979108, 128, 2607.7187500000086
-1.1008132711605945, 2.39502813396584, 128, 2607.7187500000027
-1.100274609406303, 2.162212234985683, 129, 2647.720930232564
-1.1009764546427299, 1.9968794522091922, 127, 2572.2204724409457
-1.1008132711605945, 0.2811917382207634, 128, 2607.7187500000086
-1.1006004165158343, -0.2758501040943777, 126, 2528.9603174603203
-1.100794516135951, -0.32994237163087536, 130, 2687.8461538461497
-1.1004778205520411, -0.5111217522251388, 149, 3546.644295302018
-1.0217376619212928, 2.97831125621648, 89, 1440.494382022467
-1.0226483832188014, 2.931253791858055, 127, 2567.8740157480283
-1.022149233744039, 2.6317878795762564, 127, 2566.2677165354316
-1.021916157336654, 2.404754938009466, 128, 2605.8671875000036
-1.021573292042393, 2.189664101422105, 128, 2604.000000000002
-1.0227073167882739, 2.0463954054429694, 129, 2647.9069767441797
-1.022579513999451, 0.2662485628761124, 126, 2528.9603174603208
-1.0222312063989305, -0.2565538028110659, 126, 2527.2460317460364
-1.0224875994937577, -0.3172208225009574, 128, 2612.21875
-1.0240114452460305, 3.005981542668337, 6, 17.5
-0.9437883398360376, 2.9623882000309387, 186, 5762.204301075284
-0.9442051234545428, 2.618901658520687, 127, 2569.4488188976384
-0.9437399397724446, 2.410089386516411, 130, 2689.607692307693
-0.9435523895260092, 2.2131552508104857, 128, 2604
-0.9436675778663397, 2.088038676279327, 127, 2564.440944881884
-0.9440857355393053, 0.2532959983220606, 128, 2613.687500000001
-0.9436675778663397, -0.237585113170371, 127, 2564.4409448818847
-0.9436675778663397, -0.3044824808511928, 127, 2564.4409448818847
-0.9443203117948729, -0.38839705911257383, 127, 2571.7795275590543
-0.864989675186596, 2.9671878798439524, 153, 3757.8300653594806
-0.8655314870096271, 2.6011010181569594, 126, 2524.5396825396847
-0.8651886217153648, 2.4125853211389265, 128, 2605.8671875
-0.8651886217153648, 2.232975908106932, 128, 2605.8671875
-0.8653011103289683, 2.1226896630411893, 127, 2566.031496062997
-0.8655314870096271, 0.2441556961894209, 126, 2524.539682539679
-0.8655314870096262, -0.21817871088692486, 128, 2604.000000000002
-0.86549339086582, -0.2918332521984106, 128, 2606.4921875
-0.865416298669297, -0.3827863121457953, 127, 2564.4409448818824
-0.7866155662286185, 2.967003084875169, 158, 4032.3670886075965
-0.7870461743592188, 2.717748868426776, 126, 2526.571428571433
-0.7869346427915973, 2.5814761265554713, 127, 2566.267716535439
-0.7862915078914261, 2.411055949433954, 128, 2607.7187500000086
-0.786435493316838, 2.2500104595950123, 127, 2567.8740157480324
-0.7863587010899495, 2.1485545899924388, 127, 2568.9133858267696
-0.786819454451269, 0.2369546014429429, 127, 2567.3858267716582
-0.786435493316838, -0.2002212377652297, 127, 2567.8740157480347
-0.786367700179039, -0.2790171173107394, 128, 2607.7734375
-0.7868526701367062, -0.37556319719929077, 126, 2527.246031746034
-0.70788303766926, 2.9644080923538327, 173, 4959.040462427755
-0.7078017297589589, 2.688579974201484, 130, 2693.7999999999956
-0.7076610670741328, 2.5631060843423406, 128, 2607.2421875
-0.7082512549527884, 2.4086351725066546, 126, 2526.7301587301595
-0.7083087015188485, 2.2626457191834026, 128, 2608.9609375
-0.7082512549527884, 2.1658932954933863, 126, 2526.730158730162
-0.7084529869138958, 0.2322378745972462, 127, 2566.7716535433156
-0.7082512549527884, -0.18322164334469182, 126, 2526.7301587301595
-0.7078255456632667, -0.26655929236537546, 126, 2527.753968253968
-0.7079682743777909, -0.36819319088112445, 125, 2487.6
-0.6298564523419432, 2.663497003131017, 124, 2446.3709677419274
-0.6300481232630801, 2.545746149992304, 127, 2569.6377952755925
-0.6292763316184464, 2.2699255284990727, 129, 2645.9224806201496
-0.629172529353347, 2.960987912622867, 189, 6104.328042328045
-0.6293845517218832, 2.4044313032228652, 124, 2446.733870967737
-0.6295182568975677, 2.1761488601406564, 125, 2485.712000000011
-0.6294865410835357, 0.22890115189695415, 123, 2407.9349593495995
-0.6293903537786885, -0.16728122054543348, 122, 2364.3360655737642
-0.6293622150925335, -0.25452734937387955, 125, 2487.8399999999983
-0.6292451837387589, -0.3606133800118072, 125, 2486.2080000000014
-0.5516334373506893, 2.720992017142632, 129, 2653.488372093024
-0.5515200348761025, 2.531939860113919, 129, 2652.062015503869
-0.5513580313409774, 2.839865557707644, 126, 2529.7142857142844
-0.5512209023643941, 2.782723138638608, 127, 2564.4409448818865
-0.5511852707711178, 2.6434034822418093, 125, 2488.879999999992
-0.5513580313409774, 2.39744891089314, 126, 2529.714285714283
-0.5513580313409752, 2.2716034677411, 126, 2529.7142857142853
-0.5511825062509494, 2.1810167688716575, 127, 2569.8110236220496
-0.5511852707711178, 0.22773028680331953, 125, 2488.88
-0.5512849991021564, -0.1522203626714309, 124, 2450.693548387102
-0.5514973543811843, -0.24381538525277868, 125, 2485.712000000009
-0.5514973543811843, -0.35306489067500735, 125, 2485.712000000011
-0.5512806296519717, -0.44749707396397564, 126, 2525.468253968251
-0.473127577910458, 2.8439626397051145, 123, 2405.691056910564
-0.4729507250802669, 2.774159379628574, 128, 2609.296874999994
-0.4730464153942382, 2.7007815702996103, 127, 2565.4488188976384
-0.47312535780347753, 2.62902689881612, 125, 2486.3519999999967
-0.473086347352218, 2.5190883196784983, 125, 2490.000000000001
-0.47316722267799793, 2.3894821099391246, 123, 2405.1707317073174
-0.4733427466891169, 2.2685362669761036, 124, 2446.733870967743
-0.473303421637445, 2.182149459547865, 124, 2446.6774193548445
-0.4732247715341025, 0.22685858834590755, 124, 2448.1532258064453
-0.47316722267799793, -0.13973164087653966, 123, 2405.1707317073206
-0.47316722267799793, -0.23398271586162833, 123, 2405.17073170732
-0.4732033787059935, -0.34589225972842197, 125, 2486.2079999999996
-0.47298882122407315, -0.44330222585890766, 128, 2604
-0.3949679187076902, 2.8454586885144018, 128, 2604
-0.3946250534134288, 2.763790239468859, 128, 2608.8359375
-0.3949679187076889, 2.6836097210885415, 124, 2446.7741935483896
-0.3944566930359583, 2.620051006412721, 124, 2447.983870967736
-0.39473571364067794, 2.5077268066330385, 126, 2527.571428571428
-0.394753361225769, 2.3790810693237487, 125, 2486.2080000000005
-0.39498711676441056, 2.2630199937707296, 127, 2568.6614173228404
-0.3945353431393017, 2.1819600147947327, 124, 2446.8951612903206
-0.39475336122576987, 0.22666535469771265, 125, 2486.207999999998
-0.3945353431393017, -0.12825560140022008, 124, 2446.895161290324
-0.3949679187076889, -0.22572026840915083, 122, 2364.3360655737633
-0.3949679187076889, -0.3398384750007932, 122, 2364.3360655737642
-0.3949679187076902, -0.4390141589070602, 126, 2526.357142857143
-0.31608186505453295, 2.8435010927320366, 124, 2446.096774193545
-0.31574729001173996, 2.7537313432835813, 126, 2526.7301587301577
-0.3159295191850635, 2.670816482103408, 127, 2568.5354330708665
-0.3161729993012621, 2.6159849606927192, 126, 2528.2698412698383
-0.3161593051562863, 2.4967054706715177, 130, 2688.338461538465
-0.3161214997522812, 2.368606852898294, 127, 2570.787401574797
-0.31595651645233014, 2.2575376176887936, 128, 2608.273437500002
-0.31639027254638297, 2.1803385467108383, 127, 2569.322834645665
-0.31634235419680357, 0.22757367914073034, 125, 2487.8399999999974
-0.3164898624656258, -0.11843308828860533, 128, 2605.8046875
-0.3158742287817069, -0.21806908552311244, 125, 2486.352000000007
-0.3162117001457654, -0.3338632997400226, 126, 2526.3492063492035
-0.3162643332942885, -0.43509598433923324, 125, 2487.6479999999947
-0.23706390217293283, 2.9694808591042388, 127, 2570.9921259842586
-0.23726197736133026, 2.9135705925611353, 126, 2526.9841269841236
-0.23777318851661589, 2.8415434969496713, 129, 2647.038759689921
-0.2374862594208067, 2.7452976066733923, 127, 2567.5590551181117
-0.23726197736133026, 2.4868147120055513, 126, 2526.984126984124
-0.2371511381426754, 2.3585967870570803, 125, 2487.2
-0.2372558827401483, 2.2513052473565764, 127, 2570.2834645669254
-0.23752465553425006, 2.1780880822681192, 127, 2566.7716535433033
-0.2376489858063513, 0.22815312749231031, 126, 2526.357142857141
-0.23770703707310492, -0.1106944674614434, 128, 2607.71875
-0.23766894092929824, -0.21175534972603982, 128, 2608.9609375
-0.23770703707310492, -0.3295781458771372, 128, 2607.71875
-0.23770703707310492, -0.4317401757693138, 128, 2607.71875
-0.15915215885509726, 2.971003674226409, 121, 2348.0826446280944
-0.15944987940133037, 2.908223154838913, 129, 2650.635658914735
-0.15869743463556185, 2.8391697193868035, 127, 2566.031496062997
-0.1589278113162198, 2.738453728505124, 127, 2566.976377952757
-0.15915818799687953, 2.478417186390961, 127, 2567.385826771647
-0.15912497231143918, 2.350963779299201, 126, 2527.24603174603
-0.15944987940133037, 2.2461915765330343, 129, 2650.263565891481
-0.15951733933493228, 2.175900697229169, 130, 2689.938461538456
-0.15893146808892888, 0.22861922172620597, 126, 2526.5714285714253
-0.1585822462952322, -0.1048077110499559, 127, 2564.4409448818847
-0.15913023562629203, -0.20701258454431493, 125, 2487.2000000000025
-0.15927337633720784, -0.32649387279778574, 127, 2567.055118110245
-0.1585822462952322, -0.4297686109225567, 127, 2564.4409448818847
-0.08044615543851963, 2.971456671597535, 121, 2351.9999999999995
-0.08078116885581332, 2.9045750924459757, 131, 2734.091603053433
-0.08067121573423996, 2.836664565922854, 130, 2687.8461538461524
-0.08056134377884883, 2.734045284459798, 127, 2564.4409448818874
-0.08083011657295058, 2.4730530656644807, 127, 2572.4409448818947
-0.08044615543851963, 2.346469041105657, 129, 2645.922480620158
-0.08100880617782069, 2.242970940418815, 130, 2692.5384615384683
-0.0805604438699401, 2.174370384372378, 128, 2605.8046875
-0.08044615543851963, 0.22849492993050058, 126, 2524.539682539679
-0.08044615543851963, -0.1010647663832116, 126, 2524.5396825396792
-0.08094140530800864, -0.20514846396055741, 128, 2609.8984375
-0.08056134377884883, -0.3240584386748435, 127, 2564.4409448818847
-0.08044615543851874, -0.4286733705550323, 129, 2647.0387596899177
-0.001960842788110373, 2.970900183330398, 126, 2549.6587301587306
-0.0018793977272926199, 2.903485333645402, 134, 2857.0223880596996
-0.0017798594270579393, 2.835987379508547, 136, 2944.7279411764703
-0.002280769769328117, 2.73261416719318, 135, 2903.6148148148222
-0.0019852854267439213, 2.4721319259286307, 133, 2813.308270676688
-0.002214764875778652, 2.345271840985786, 139, 3075.4244604316555
-0.002100165828317735, 2.2415621407190276, 135, 2899.333333333336
-0.0019751323306955726, 2.1740033351631842, 130, 2687.392307692311
-0.0024252529221371333, 0.22956374798254364, 136, 2946.345588235298
-0.0019751323306955726, -0.10072296394502134, 130, 2687.392307692311
-0.002136286616519989, -0.2038375091924136, 135, 2899.9407407407407
-0.0019486214687933767, -0.32408022708329076, 133, 2814.661654135341
-0.0024252529221371333, -0.4276414595999869, 137, 2979.9999999999995
0.0755956495942467, 2.971456671597535, 121, 2351.9999999999995
0.07615830033354865, 2.904517847425446, 130, 2693.338461538461
0.07582070988996836, 2.836664565922854, 130, 2687.846153846156
0.07571083793457678, 2.734045284459798, 127, 2564.4409448818856
0.07606377500934514, 2.4732649176048964, 125, 2492.3359999999925
0.0755956495942467, 2.346469041105657, 129, 2645.922480620158
0.07623332043212061, 2.243061290993386, 130, 2692.2846153846094
0.07559564959424803, 2.174542830063836, 127, 2565.338582677165
0.07559564959424758, 0.22849492993050058, 126, 2524.5396825396783
0.0755956495942467, -0.1010647663832116, 126, 2524.5396825396792
0.07625356395078375, -0.20491056169533906, 126, 2531.1507936507974
0.0755956495942467, -0.3242306855728292, 126, 2524.5396825396792
0.07582070988996836, -0.4286051990620745, 130, 2687.8461538461634
0.154301653010827, 2.971003674226409, 121, 2348.0826446281035
0.15494991714386996, 2.9084382153251775, 128, 2613.484374999999
0.15384692879128892, 2.8391697193868035, 127, 2566.0314960629985
0.15407730547194776, 2.738453728505124, 127, 2566.9763779527566
0.1543076821526057, 2.4784171863909616, 127, 2567.3858267716587
0.15427446646716714, 2.350963779299201, 126, 2527.2460317460364
0.1547883776813701, 2.246373678466277, 129, 2657.51937984496
0.1548356287124495, 2.176144455550146, 128, 2607.718749999996
0.1540809622446564, 0.2286192217262064, 126, 2526.571428571432
0.1543076821526057, -0.1047152262098443, 127, 2567.1496062992132
0.15427972978201865, -0.20701258454431493, 125, 2487.200000000001
0.15426418655534535, -0.3266417522035896, 128, 2607.4609375000027
0.15442926984517635, -0.4298476389737633, 126, 2526.492063492072
0.2329145824955865, 2.969408681781929, 126, 2530.682539682531
0.23263575357653332, 2.9136508439567876, 127, 2567.5590551181135
0.23285653122883243, 2.841359972345075, 128, 2607.7187499999964
0.23287588165108453, 2.7453416470734453, 126, 2526.7301587301586
0.23287588165108453, 2.486939003801257, 126, 2526.7301587301536
0.2325275740505628, 2.3585145058883232, 126, 2528.269841269843
0.23266605050979905, 2.251297781132505, 128, 2616.796874999993
0.23267414968997713, 2.1780880822681192, 127, 2566.771653543302
0.23267414968997713, 0.22798357195210484, 127, 2566.7716535433024
0.23309650693785233, -0.11072674081710732, 127, 2567.244094488188
0.2329145824955865, -0.21156017276559558, 126, 2527.785714285708
0.2333402917851095, -0.32957523278817513, 126, 2526.3492063492035
0.23309650693785233, -0.4317724491249777, 127, 2567.244094488188
0.31114075429120813, 2.753749241302163, 125, 2486.9760000000006
0.3111407542912086, 2.6709351093249913, 125, 2486.9759999999947
0.31135939426221304, 2.257542597038531, 129, 2652.8837209302246
0.3117367828251858, 2.8435010927320366, 122, 2364.3360655737656
0.31156986925504837, 2.615997141288698, 125, 2487.583999999995
0.3117317472693246, 2.4965442150528614, 127, 2566.2677165354353
0.3116246097269757, 2.36881568963403, 124, 2447.5806451612907
0.3120005200634268, 2.18043103155095, 127, 2567.1496062992205
0.31174258488199014, 0.2275847932329138, 124, 2446.733870967747
0.31188533172309674, -0.11843381082641846, 127, 2564.440944881885
0.31138865941694593, -0.2178945437572266, 124, 2446.733870967742
0.31182560443551877, -0.33395651858680164, 126, 2525.468253968251
0.3116639347786463, -0.4350929532231831, 124, 2446.8629032258027
0.3901174128634173, 2.8454586885144018, 128, 2604
0.3900214225798102, 2.7637945746957393, 127, 2567.149606299222
0.389978656177032, 2.683439785551179, 123, 2405.6910569105667
0.39019606296676024, 2.6201773029148088, 124, 2447.7661290322617
0.3899028553814974, 2.507530674179415, 125, 2487.84
0.3899028553814974, 2.3790810693237483, 125, 2486.207999999998
0.3901366109201394, 2.2630199937707296, 127, 2568.6614173228345
0.39019606296676024, 2.1819600147947327, 124, 2447.8387096774195
0.3899028553814974, 0.22666535469771265, 125, 2486.2079999999983
0.38975768534156874, -0.128129304898132, 122, 2364.3360655737642
0.389978656177032, -0.22554754704330637, 123, 2405.691056910565
0.3901174128634173, -0.3398384750007932, 122, 2364.3360655737647
0.3901174128634173, -0.4390141589070602, 126, 2526.357142857143
0.4682770720661864, 2.8439626397051145, 123, 2405.691056910566
0.4683494940037374, 2.7741528767882535, 127, 2566.771653543304
0.4681383153798002, 2.7005966006193867, 128, 2604
0.4682748519592046, 2.6290268988161207, 125, 2486.3520000000053
0.46861021599985975, 2.5189190823657, 124, 2447.6774193548395
0.46864142635832895, 2.3893388712233414, 126, 2529.6587301587324
0.46849224084484486, 2.2685362669761036, 124, 2446.733870967748
0.4682770720661864, 2.1822952652657226, 123, 2405.691056910566
0.46837426568983, 0.22685858834590755, 124, 2448.1532258064453
0.46831671683372544, -0.13973164087653966, 123, 2405.17073170732
0.4681383153798002, -0.23412830275308005, 122, 2364.3360655737647
0.4683528728617201, -0.34589225972842197, 125, 2486.207999999999
0.4683494940037374, -0.44339471069901926, 127, 2564.440944881885
0.5470106364752318, 2.840145214247982, 126, 2528.5873015872953
0.5466163716218659, 2.782723861176421, 128, 2605.8046875
0.5471987405799048, 2.7208099152093888, 129, 2649.9689922480684
0.5470106364752318, 2.6432670098501245, 126, 2528.587301587296
0.5468695459948814, 2.5317501108553953, 127, 2569.039370078739
0.5471767149024256, 2.3975854361333044, 127, 2568.5354330708683
0.5471767149024256, 2.271466942500935, 127, 2568.5354330708647
0.5468585331561417, 2.1807259315320815, 129, 2649.519379844966
0.5470106364752318, 0.22759381441163518, 126, 2528.5873015872958
0.5470106364752318, -0.1521797673671883, 126, 2528.587301587296
0.546831149881438, -0.24362745605767078, 127, 2565.3385826771623
0.5468945339417246, -0.35306638217655584, 126, 2526.3492063492035
0.5468945339417246, -0.44740385511719616, 126, 2526.3492063492035
0.6244880976593423, 2.9609362334025473, 190, 6152.236842105286
0.6252529078221674, 2.663511906118263, 125, 2486.351999999994
0.6251976174188094, 2.5457461499923046, 127, 2569.6377952755925
0.6247847824070689, 2.404420189130682, 125, 2487.8400000000065
0.6248794356725247, 2.2700469297879016, 129, 2647.472868217058
0.6249154364581084, 2.176147368639108, 126, 2526.3492063492035
0.6247847824070689, 0.2287325758438894, 125, 2487.840000000003
0.6245398479344155, -0.16728122054543348, 122, 2364.3360655737642
0.6246677510532948, -0.25471527856898657, 125, 2489.472000000001
0.6248628033095853, -0.3607073446093607, 125, 2487.6479999999947
0.7035462109033706, 2.964422009219736, 174, 4989.459770114933
0.7033539480872593, 2.6888510259251963, 129, 2647.0387596899177
0.7032888143582658, 2.5631131429809786, 130, 2689.3000000000015
0.7036408771830667, 2.4085911321066007, 127, 2567.5590551181135
0.7036941555110232, 2.2627021518137562, 129, 2651.054263565894
0.7034007491085177, 2.1658932954933863, 126, 2526.7301587301617
0.7034781507975225, 0.23206831905704028, 126, 2526.357142857141
0.7036408771830667, -0.18326568374474483, 127, 2567.5590551181117
0.7034581956745756, -0.2665680316322616, 128, 2608.9609375
0.7034581956745756, -0.3683630123152448, 128, 2608.9609375
0.7821354127697067, 2.966978305181722, 158, 4026.9430379746786
0.7821956685149445, 2.717748868426776, 126, 2526.5714285714284
0.7823172133547089, 2.5814279573679135, 128, 2605.8671875
0.7814410020471527, 2.4110559494339543, 128, 2607.7187500000036
0.7816772572025439, 2.250106768097764, 129, 2650.263565891481
0.7815081952456779, 2.148554589992438, 127, 2568.9133858267605
0.7819689486069947, 0.23695460144294245, 127, 2567.385826771654
0.7814410020471527, -0.20037682424104286, 128, 2607.71875
0.781609797268942, -0.2788039464238614, 130, 2689.9384615384597
0.781840859172549, -0.3757103586854065, 125, 2487.7599999999957
0.8601391693423235, 2.9671878798439524, 153, 3757.8300653594806
0.8606809811653537, 2.6011010181569594, 126, 2524.5396825396847
0.8605657928250245, 2.4126604650715175, 127, 2564.4409448818847
0.8605657928250245, 2.232900764174341, 127, 2564.4409448818847
0.860911357846013, 2.1226896630411893, 127, 2566.031496062997
0.8606809811653537, 0.2441556961894209, 126, 2524.539682539679
0.8606809811653537, -0.21817871088692486, 128, 2604
0.8606428850215471, -0.2918332521984106, 128, 2606.4921875
0.8605657928250245, -0.3827863121457953, 127, 2564.4409448818847
0.9390930312545134, 2.9623910141241225, 187, 5797.454545454549
0.9395920031052869, 2.6188436719939507, 126, 2528.015873015873
0.9389269439774575, 2.4100291528000306, 130, 2689.6923076923067
0.9387018836817376, 2.2131552508104857, 128, 2604
0.9388170720220668, 2.088038676279327, 127, 2564.4409448818838
0.9393210971937718, 0.2535086538162754, 126, 2532.8968253968296
0.9387018836817376, -0.2374128662723849, 126, 2524.539682539679
0.938932260362396, -0.3047291070914908, 127, 2566.0314960629926
0.939370409560154, -0.3886158404547735, 124, 2450.540322580642
1.0173729603857575, 2.978096678301759, 90, 1464.055555555555
1.0177978773745275, 2.931253791858055, 127, 2567.8740157480283
1.017535503932666, 2.631832164645198, 126, 2526.4920634920645
1.0172897985710598, 2.4048327107101226, 129, 2647.2713178294584
1.0176370936494843, 2.189664101422105, 128, 2607.5
1.0178568109439983, 2.0463954054429694, 129, 2647.906976744186
1.017729008155177, 0.26624856287611154, 126, 2528.9603174603135
1.017380700554658, -0.2565538028110659, 126, 2527.2460317460354
1.0176370936494843, -0.3172208225009574, 128, 2612.21875
1.0167227861981205, 3.005981542668337, 7, 28
1.0964465258726, 2.637767097890146, 126, 2526.349206349208
1.096458015185811, 2.3950587213999395, 128, 2611.984375
1.0956579961658681, 2.162257760468994, 128, 2607.5
1.0959627653163224, 1.997024441463743, 128, 2612.7187500000014
1.0964465258726, 0.281194651309725, 126, 2526.3492063492035
1.0958660132050673, -0.276254052430422, 126, 2528.325396825396
1.096180120059283, -0.3299741227371844, 129, 2647.4263565891474
1.0956273147077686, -0.5111217522251388, 149, 3546.644295302023
1.173801286293851, 2.9009804208614804, 127, 2568.094488188974
1.1738482148769478, 2.8426310501620966, 126, 2529.0555555555584
1.1742739241664726, 2.6344422923550184, 126, 2528.5873015873008
1.1742236435417253, 2.3797050337117023, 127, 2567.4330708661328
1.1734941173863058, 2.13175317737214, 127, 2568.377952755904
1.1742620396551686, 1.9418818006227463, 127, 2568.283464566932
1.173693411498939, 0.2995587641252446, 126, 2527.7857142857165
1.1736809441127916, -0.5107013289698656, 149, 3537.86577181208
1.2526669033059825, 2.0983044935317294, 127, 2567.6220472441005
1.2524359359158863, 1.882622732172692, 130, 2688.338461538461
1.25193684387121, -0.5096701606471457, 144, 3310.631944444449
1.253012468326971, 2.9236700349688927, 127, 2564.440944881889
1.2525157960208197, 2.3583015058351986, 124, 2446.7338709677356
1.2528697214858635, 0.32154939078643663, 124, 2446.733870967742
1.2529263111943667, -0.4325354490558997, 164, 4419.140243902439
1.331244549467291, 2.947626544584502, 126, 2526.3571428571445
1.3311057927809058, 2.3340646423440417, 123, 2405.6910569105667
1.331244549467291, 2.061686277149989, 128, 2607.5
1.331490254828898, 1.8196784985551082, 129, 2645.9224806201596
1.331244549467291, 0.34756647021657905, 128, 2603.999999999998
1.3309472137107505, -0.4305778532735345, 164, 4419.140243902439
1.3309112767272255, -0.5083676396324801, 139, 3092.8920863309386
1.4095800523970468, 2.9697028724435395, 124, 2448.7016129032245
1.4092654519836731, 2.728002941572498, 200, 6954.000000000002
1.4092654519836803, 2.3048008502833612, 130, 2687.3923076923056
1.4095150267210608, 2.0223436115199576, 127, 2568.330708661418
1.409379740415095, 1.7528449550478, 128, 2606.296875000003
1.409443853437602, 0.37678716823627223, 123, 2405.1707317073165
1.409480009465593, -0.29405512341139506, 125, 2486.207999999996
1.4098975657772108, -0.36207408481533987, 162, 4266.401234567892
1.4095847339508216, -0.43118377577760025, 168, 4661.75595238095
1.409265451983674, -0.5079028866769542, 140, 3134
1.487732776917623, 2.980615512812339, 71, 978.873239436621
1.4880603713901035, 2.2723181455664077, 126, 2528.269841269845
1.488314950382848, 1.9827706971733978, 128, 2609.1796874999977
1.4881377730791074, 1.684449024827286, 126, 2528.9603174603203
1.4879582864853145, 0.4102095352522612, 127, 2565.3385826771587
1.4878910164945625, -0.2696556495799971, 125, 2487.840000000001
1.4879261535676767, -0.5080000722831715, 141, 3173.985815602842
1.4876346621005787, 3.008591670378157, 21, 137.80952380952377
1.5665263336182615, 2.719989033838441, 128, 2607.7187500000036
1.5670822325486888, 2.64832096284711, 125, 2487.199999999996
1.567053501878502, 2.5604962321949896, 148, 3491.101351351359
1.5669713933300402, 2.5024754782644716, 126, 2526.9841269841263
1.5665263336182615, 2.238787520585828, 128, 2607.7187500000036
1.5667855073840053, 1.9424675379434548, 127, 2569.4173228346476
1.5667855073840053, 1.6135914465061238, 127, 2569.4173228346476
1.5667471112705558, 0.447080158176806, 127, 2567.5590551181085
1.5665843848850116, -0.24558505184003598, 126, 2526.3571428571404
1.566577843897214, -0.5079028866769546, 142, 3213.3591549295766
1.6454234474421998, 2.714544470568738, 128, 2605.8671875
1.6454234474421998, 2.620579873015215, 128, 2605.8671875
1.6455750850342188, 2.5267928025301902, 153, 3730.235294117655
1.6457663127364643, 2.463727510953214, 128, 2604
1.6453019026024345, 2.204858773447129, 126, 2526.571428571424
1.6454234474422051, 1.9036104177240099, 128, 2605.8671875000005
1.6444810846911357, 1.5416998974592682, 129, 2647.038759689927
1.6455359360558015, 0.4869719525450007, 127, 2566.031496062996
1.6454234474421998, -0.22184920297886013, 128, 2605.8671874999955
1.6454234474422051, -0.3397943488663553, 128, 2605.8671875000055
1.6455588103361496, -0.5092496015059575, 141, 3160.3120567375913
1.7225681386510248, 2.7121586507089805, 128, 2607.7187499999914
1.7225681386510248, 2.5986180953318065, 128, 2607.7187500000014
1.7234566182082833, 2.4949716244288145, 177, 5097.367231638421
1.723211273551203, 2.4242827266455587, 127, 2566.2677165354335
1.7232202028799053, 2.170255070370594, 129, 2647.2713178294557
1.7225681386510248, 1.8664772727272725, 128, 2607.7187499999914
1.7233336053544939, 1.4703159396279097, 129, 2647.9069767441865
1.7225681386510248, 0.5313969491542991, 128, 2607.718749999994
1.7225681386510274, -0.20037682424104286, 128, 2607.7187500000086
1.7229491000890933, -0.33015930712502684, 128, 2609.898437499995
1.8018081177692284, 2.7114455665582957, 131, 2729.129770992369
1.801465252474971, 2.5809385584223223, 128, 2605.8671874999973
1.8016618285770125, 2.4637275109532135, 200, 6819.819999999996
1.801808117769231, 2.3854236796586115, 128, 2604
1.801808117769231, 2.1387666110806136, 128, 2604
1.801465252474971, 1.8331369695588675, 128, 2605.8671874999973
1.8017700216254235, 1.3980613069282317, 128, 2606.492187500001
1.8008938103178593, 0.5786239474038561, 128, 2611.4687500000077
1.8011553838406975, -0.18150847178262186, 127, 2569.4488188976366
1.8015777410885692, -0.32038987335041114, 127, 2566.0314960629926
1.8800593969662707, 2.7138835893154396, 127, 2566.031496063
1.8799442086259388, 2.5656920471764026, 127, 2564.440944881886
1.8806353386679193, 2.3488767536744573, 127, 2567.0551181102355
1.8802448293590972, 2.108552865323335, 129, 2647.984496124037
1.8800575971484506, 1.805363579396563, 128, 2606.5937500000045
1.8800540805813304, 1.3255210893697849, 130, 2689.692307692309
1.8804766547303293, 0.6286649895905625, 128, 2607.460937500006
1.8804869346421462, -0.16575864604803758, 126, 2531.1507936507915
1.8798290202856123, -0.31248511087863884, 126, 2524.5396825396792
1.9583070765276789, 2.718184375226573, 128, 2606.8671874999945
1.9583143329360233, 2.5542430111759034, 126, 2526.571428571419
1.9588482217515173, 2.313670857871923, 127, 2568.8661417322833
1.9585410528439722, 2.083568575673926, 127, 2567.9685039370083
1.9586499418219399, 1.782606528426569, 128, 2607.429687500002
1.9590018062052899, 1.2558909132339688, 127, 2568.913385826769
1.958425864503643, 0.6820224803406489, 127, 2566.267716535434
1.9584975572467131, -0.15437332335546383, 128, 2607.4609375000036
1.9584500835905798, -0.30699332568991844, 130, 2689.5999999999904
1.9590018062052899, -0.4276414595999869, 127, 2568.913385826769
2.037099500948555, 2.7235328409670974, 127, 2567.3858267716546
2.037109252342449, 2.545666877272209, 126, 2526.7301587301567
2.037051805776392, 2.282221677007053, 128, 2608.9609374999964
2.037089901920198, 2.0607686541270054, 128, 2609.218750000003
2.037109252342449, 1.7671030689715888, 126, 2526.7301587301527
2.037031850653446, 1.1873750608511917, 126, 2526.3571428571368
2.037109252342449, 0.7368483743668888, 126, 2526.730158730153
2.037031850653446, -0.14770526272178275, 126, 2526.3571428571368
2.0374066698560993, -0.30309520824951663, 127, 2572.8661417322774
2.037573662476472, -0.42745502190642837, 126, 2526.3492063492017
2.115280120631276, 0.7939254974261232, 144, 3302.319444444434
2.116118702414461, -0.3018929053280641, 127, 2570.7401574803207
2.1156220301083115, 2.730244704484561, 124, 2446.733870967745
2.115970153516555, 2.5381161506830865, 122, 2364.336065573774
2.115970153516555, 2.3893388712233414, 122, 2364.3360655737733
2.115970153516555, 2.3266958061876597, 122, 2364.3360655737733
2.116058975126884, 2.2539851056998144, 126, 2525.468253968261
2.1162323549102533, 2.0442225651755095, 125, 2489.711999999992
2.1158032399464153, 1.7594158699907818, 125, 2487.5839999999985
2.115970153516555, 1.1208168042507802, 122, 2364.3360655737733
2.115842250397672, -0.14593559613452545, 125, 2485.712000000009
2.115959281751447, -0.42883167783566467, 125, 2486.9760000000015
2.1942678531737076, 1.057654377068756, 147, 3438.870748299333
2.194350783554782, 3.010357345005388, 34, 308.0294117647058
2.193863152914055, 2.982775134484664, 55, 642.9090909090913
2.194172382100861, 2.7379341592001056, 123, 2405.1707317073174
2.194136226072861, 2.5317735403482238, 125, 2486.2080000000046
2.1943507835547837, 2.3733892793571867, 122, 2364.3360655737647
2.194136226072861, 2.3024686007851094, 125, 2487.8400000000033
2.194292267877895, 2.229113571628326, 125, 2489.760000000004
2.1943507835547837, 2.031832941468921, 128, 2607.5000000000023
2.194136226072861, 1.7597290853159597, 125, 2487.840000000003
2.193991056032938, 0.8506685862844008, 122, 2364.336065573773
2.1943507835547837, -0.14966285850414796, 128, 2604
2.1944294336581294, -0.304155054683378, 124, 2447.7661290322517
2.193996858089738, -0.43016738964174817, 124, 2446.733870967738
2.2724311532224757, 2.9701718637226344, 123, 2414.0975609756083
2.272510442757553, 2.7460828505868613, 123, 2405.691056910564
2.2723716860711676, 2.526081750381662, 122, 2364.336065573771
2.2725862435530892, 2.359505111500098, 125, 2486.208000000005
2.272550087525092, 2.2798567461266805, 123, 2405.170731707314
2.2723716860711676, 2.2089512336385213, 122, 2364.336065573772
2.272510442757553, 2.024764508730362, 123, 2405.69105691057
2.272582864695103, 1.7686885233735037, 127, 2564.440944881884
2.272582864695103, 0.9973957851216677, 127, 2564.4409448818856
2.2727256115362113, 0.9088281254959569, 124, 2446.733870967734
2.2723716860711676, -0.15916201180873868, 122, 2364.3360655737642
2.2728042616395543, -0.3083544133778062, 124, 2446.895161290325
2.2723716860711676, -0.43322542133984765, 122, 2364.336065573771
2.3506037672114877, 2.9441708411936607, 127, 2566.7716535433065
2.3503925885875505, 2.7537405123504777, 122, 2364.3360655737692
2.3503925885875487, 2.520870664028918, 126, 2526.3571428571445
2.350650279576553, 2.3465741568557403, 123, 2406.4227642276473
2.3503925885875505, 2.2607690320976874, 124, 2446.7741935483896
2.3503925885875505, 2.1916216972044698, 128, 2604
2.3503925885875505, 2.022336271453282, 126, 2526.3571428571445
2.3506071460694686, 1.7856633142407323, 125, 2487.840000000004
2.3503925885875505, -0.17315400789252866, 128, 2604
2.3505681356182127, -0.31557301625115075, 125, 2488.4160000000065
2.3503925885875505, -0.4371406129045776, 122, 2364.336065573771
2.4290181530984345, 2.914553989248759, 125, 2487.8400000000047
2.4290181530984345, 2.7607026215211237, 125, 2487.840000000004
2.4288067416206482, 2.5143724082905297, 124, 2446.6774193548426
2.4288779012379598, 2.335271940091354, 126, 2529.285714285709
2.428885391723991, 2.2440663196965405, 124, 2447.4758064516077
2.429430988110175, 2.1775023449474116, 127, 2568.535433070871
2.4287280915173053, 2.025541796958659, 124, 2446.6774193548367
2.4287732186257776, 1.8098905196432817, 122, 2364.336065573767
2.428931838635414, 1.0212568738704966, 127, 2566.677165354333
2.429023029404843, 0.8874040946378448, 128, 2607.242187499992
2.4290181530984345, -0.19135181828539416, 125, 2487.8400000000074
2.4293423113719834, -0.3254425305809603, 126, 2528.5873015873003
2.428631537325396, -0.44174251539816156, 123, 2405.9837398373998
2.5076054750803296, 2.88498054352215, 127, 2569.2913385826732
2.508072527804006, 2.764983149398738, 128, 2607.1718750000014
2.5077385220780792, 2.505201226249367, 129, 2647.9069767441824
2.5078358517609907, 2.3240291599644376, 127, 2568.0944881889823
2.507729662509748, 2.229886577262887, 128, 2609.3984375000077
2.507462989503103, 2.1667847007157133, 128, 2609.1796874999973
2.508072527804006, 2.0331787885692973, 128, 2607.4296874999995
2.5077115214888845, 1.8412120521611228, 126, 2526.357142857146
2.5076534702221327, 1.075608576651787, 128, 2607.718749999994
2.5076341197998806, 0.8392026681305462, 126, 2526.7301587301563
2.5078358517609862, -0.2140939637819903, 127, 2566.771653543299
2.507522185049627, -0.33714030073834067, 130, 2689.3000000000025
2.5076534702221354, -0.44703389281904116, 128, 2607.7187500000036
2.586778261000007, 2.8550771118860223, 127, 2564.440944881888
2.585741565937039, 2.767154857219799, 127, 2568.9133858267746
2.585741565937039, 2.49309144768869, 127, 2568.9133858267755
2.585674372738519, 2.3131761603157006, 128, 2607.7187500000036
2.5865505840460736, 2.2173151418480113, 128, 2605.8671875
2.586087130958031, 2.159652770805847, 127, 2567.0551181102333
2.586429039206309, 2.045268107760986, 126, 2526.571428571429
2.5864290392063074, 1.8798978735745282, 126, 2526.5714285714193
2.586202319298362, 1.1257030866366797, 127, 2567.385826771653
2.586429039206309, 0.7963219986120746, 126, 2526.5714285714303
2.5860934303203917, -0.23894757864045424, 128, 2609.671875
2.586778261000007, -0.3514647796279542, 127, 2564.4409448818856
2.586131526464203, -0.4535184288481253, 128, 2609.343750000002
2.664914351856721, 2.8278403264731162, 128, 2604
2.6649143518567184, 2.766122946264754, 129, 2647.03875968992
2.664799163516392, 2.4753035301071997, 127, 2564.440944881887
2.6644642312652778, 2.3022710341953814, 130, 2690.000000000006
2.664685774993882, 2.061074528468, 128, 2606.593750000008
2.665144728537377, 1.923014893239953, 127, 2566.031496062997
2.6649143518567184, 1.172253789492923, 127, 2565.338582677169
2.665139412152439, 0.7576978450511564, 130, 2687.8461538461506
2.6646839751760583, -0.26557719144418934, 127, 2566.0314960629917
2.6649143518567184, -0.3666141879084792, 126, 2524.539682539679
2.664799163516392, -0.46075103235998816, 127, 2564.4409448818865
2.742935254373104, 2.4519819362590236, 128, 2604
2.74382537379665, 2.289035392088827, 126, 2528.0158730158814
2.7429352543731023, 2.080578232510313, 127, 2565.338582677163
2.7432781196673623, 1.9701686743244213, 128, 2605.8671875000027
2.7431656310537598, 1.2143652200237998, 127, 2566.0314960629944
2.7431620593222794, 0.7253065804075183, 129, 2645.9224806201537
2.743793484300782, -0.2945249463991626, 125, 2490.1280000000033
2.7429352543731005, -0.3822749541674, 126, 2524.539682539679
2.8217688746240315, 2.4209089873325937, 126, 2526.4920634920663
2.821619334560877, 2.275218867494588, 125, 2487.2000000000035
2.8217688746240315, 2.021062280547298, 126, 2526.492063492072
2.8214205670235133, 1.2495520316529773, 126, 2526.5714285714184
2.8215320985911294, 0.6982689839202783, 127, 2566.267716535435
2.821420567023509, -0.3234227889007424, 126, 2526.57142857143
2.821992851952449, -0.3981079673243064, 127, 2566.771653543302
2.8994778692531007, 2.762223832168004, 185, 5646.594594594603
2.8997330759031206, 2.384042739998183, 129, 2649.100775193795
2.8994414695398953, 2.2596714553533506, 126, 2526.5714285714243
2.8994414695398927, 1.2778905610738809, 126, 2526.57142857143
2.899828477984916, 0.677281531274923, 126, 2527.3730158730154
2.899553001107516, -0.35158809274810343, 127, 2566.267716535438
2.899437812767185, -0.4132754811026311, 127, 2566.9763779527634
2.9778584865823587, 2.7549026106760555, 170, 4685.858823529409
2.97839119232433, 2.3403679037152885, 126, 2528.7063492063535
2.977888081345805, 2.2410587589464193, 126, 2528.269841269844
2.9784186181196457, 1.299543757766708, 127, 2568.377952755909
2.978256363575743, 0.6619184639137816, 124, 2449.290322580649
3.057292479696012, 2.750365170693748, 163, 4360.012269938663
3.056749166712186, 2.2917432492347865, 124, 2446.7338709677438
3.056969387001545, 1.3122696717660827, 125, 2490.0000000000023
3.057186111730757, 0.6526717557251906, 126, 2525.4682539682567
3.118927542451848, 2.2024079203231968, 151, 12508.238410595972
3.119445215758982, 2.7495364951785133, 66, 1147.5303030303014
3.119776213527233, 1.3165763824872858, 50, 558.5800000000002
3.119817474581448, 0.6494879735736525, 52, 621.9807692307694
3.151344671006937, 2.749265443454801, 65, 1121.999999999998
3.1518483773830743, 2.2022220117810862, 147, 11832.421768707502
3.1511796267900776, 1.3165763824872858, 50, 558.5800000000002
3.150984574533787, 0.6492711321946825, 50, 571.6999999999997
2.3515471637818637, 0.9402985074626864, 0, 0
2.3515471637818637, 0.9701492537313432, 0, 0
-2.3515471637818637, 0.9701492537313432, 0, 0
-2.3515471637818637, 0.9402985074626864, 0, 0
-3.141592653589999, -0.4104477611940296, 0, 0
-3.141592653589999, -0.44776119402985026, 0, 0
-3.141592653589999, -0.49999999999999956, 0, 0
-3.141592653589999, -0.5447761194029845, 0, 0
-3.0579407781985495, -0.5447761194029845, 0, 0
-3.0579407781985495, -0.49999999999999956, 0, 0
-3.0579407781985495, -0.4626865671641789, 0, 0
-3.0579407781985495, -0.4328358208955225, 0, 0
-3.0579407781985495, -0.3955223880597014, 0, 0
-2.983583555628372, -0.38059701492537323, 0, 0
-2.983583555628372, -0.4253731343283582, 0, 0
-2.983583555628372, -0.47014925373134275, 0, 0
-2.983583555628372, -0.49999999999999956, 0, 0
-2.983583555628372, -0.5447761194029845, 0, 0
-2.8999316802369224, -0.5522388059701488, 0, 0
-2.8999316802369224, -0.5149253731343282, 0, 0
-2.8999316802369224, -0.47014925373134275, 0, 0
-2.825574457666745, -0.47014925373134275, 0, 0
-2.825574457666745, -0.5149253731343282, 0, 0
-2.7512172350965676, -0.4626865671641789, 0, 0
-2.825574457666745, -0.5522388059701488, 0, 0
-2.7512172350965676, -0.5522388059701488, 0, 0
-2.7512172350965676, -0.5149253731343282, 0, 0
-2.667565359705118, -0.5149253731343282, 0, 0
-2.667565359705118, -0.5447761194029845, 0, 0
-2.5932081371349405, -0.5447761194029845, 0, 0
-2.5932081371349405, -0.5149253731343282, 0, 0
-2.509556261743491, -0.5149253731343282, 0, 0
-2.509556261743491, -0.5447761194029845, 0, 0
-2.435199039173313, -0.5373134328358207, 0, 0
-2.435199039173313, -0.5074626865671639, 0, 0
-2.3515471637818637, -0.5074626865671639, 0, 0
-2.3515471637818637, -0.5373134328358207, 0, 0
-2.277189941211686, -0.5298507462686564, 0, 0
-2.277189941211686, -0.49999999999999956, 0, 0
-2.193538065820236, -0.49999999999999956, 0, 0
-2.193538065820236, -0.5298507462686564, 0, 0
-2.1191808432500587, -0.522388059701492, 0, 0
-2.1191808432500587, -0.49999999999999956, 0, 0
-2.0448236206798813, -0.49253731343283524, 0, 0
-2.0448236206798813, -0.5149253731343282, 0, 0
-1.9611717452884314, -0.5149253731343282, 0, 0
-1.9611717452884314, -0.4850746268656714, 0, 0
-1.8868145227182542, -0.47761194029850706, 0, 0
-1.877519869896982, -0.5149253731343282, 0, 0
-1.8868145227182542, -0.4328358208955225, 0, 0
-1.8031626473268043, -0.4253731343283582, 0, 0
-1.8124573001480766, -0.47014925373134275, 0, 0
-1.8031626473268043, -0.5149253731343282, 0, 0
-1.7288054247566267, -0.5149253731343282, 0, 0
-1.7195107719353546, -0.4626865671641789, 0, 0
-1.7195107719353546, -0.4179104477611939, 0, 0
-1.6544482021864493, -0.4104477611940296, 0, 0
-1.6451535493651774, -0.4552238805970146, 0, 0
-1.5707963267949996, -0.44029850746268595, 0, 0
-1.5707963267949996, -0.3955223880597014, 0, 0
-1.5707963267949996, -0.35074626865671643, 0, 0
-1.48714445140355, -0.3582089552238803, 0, 0
-1.48714445140355, -0.3880597014925371, 0, 0
-1.48714445140355, -0.44029850746268595, 0, 0
-1.338430006263195, -0.3134328358208953, 0, 0
-1.338430006263195, -0.35074626865671643, 0, 0
-1.254778130871745, -0.35074626865671643, 0, 0
-1.254778130871745, -0.3134328358208953, 0, 0
-1.1711262554802957, -0.29850746268656714, 0, 0
-1.1711262554802957, -0.3358208955223878, 0, 0
-1.1711262554802957, -0.3731343283582089, 0, 0
-1.180420908301568, -0.4104477611940296, 0, 0
-1.180420908301568, -0.4552238805970146, 0, 0
-1.1060636857313901, -0.4552238805970146, 0, 0
-1.1060636857313901, -0.4179104477611939, 0, 0
-1.0967690329101178, -0.38059701492537323, 0, 0
-1.0224118103399409, -0.3880597014925371, 0, 0
-1.0224118103399409, -0.4328358208955225, 0, 0
-1.0224118103399409, -0.4626865671641789, 0, 0
-1.0224118103399409, -0.5149253731343282, 0, 0
-0.948054587769763, -0.4552238805970146, 0, 0
-0.948054587769763, -0.5074626865671639, 0, 0
-0.8644027123783133, -0.5149253731343282, 0, 0
-0.8644027123783133, -0.4626865671641789, 0, 0
-0.7807508369868636, -0.4552238805970146, 0, 0
-0.7807508369868636, -0.4850746268656714, 0, 0
-0.7807508369868636, -0.5149253731343282, 0, 0
-2.825574457666745, 2.783582089552238, 0, 0
-2.825574457666745, 2.7611940298507456, 0, 0
-2.7419225822752953, 2.76865671641791, 0, 0
-2.7419225822752953, 2.8059701492537306, 0, 0
-3.141592653589999, 2.231343283582089, 0, 0
-3.141592653589999, 2.2462686567164174, 0, 0
-3.141592653589999, 2.1641791044776113, 0, 0
-3.0579407781985495, 2.1567164179104474, 0, 0
-3.0579407781985495, 2.1716417910447756, 0, 0
-3.0579407781985495, 2.194029850746268, 0, 0
-3.0579407781985495, 2.223880597014925, 0, 0
-2.983583555628372, 2.186567164179104, 0, 0
-2.983583555628372, 2.1567164179104474, 0, 0
-2.983583555628372, 2.1194029850746263, 0, 0
-2.8999316802369224, 2.0746268656716413, 0, 0
-2.8999316802369224, 2.1194029850746263, 0, 0
-2.8999316802369224, 2.1567164179104474, 0, 0
-2.8999316802369224, 2.186567164179104, 0, 0
-2.825574457666745, 2.194029850746268, 0, 0
-2.825574457666745, 2.1567164179104474, 0, 0
-2.825574457666745, 2.104477611940298, 0, 0
-2.7419225822752953, 2.1567164179104474, 0, 0
-2.7419225822752953, 2.194029850746268, 0, 0
-2.667565359705118, 2.2089552238805963, 0, 0
-2.667565359705118, 2.1567164179104474, 0, 0
-2.035528967858609, 2.350746268656716, 0, 0
-2.035528967858609, 2.4029850746268653, 0, 0
-1.9611717452884314, 2.432835820895522, 0, 0
-1.9611717452884314, 2.380597014925373, 0, 0
-1.8868145227182542, 2.410447761194029, 0, 0
-1.8868145227182542, 2.455223880597014, 0, 0
-1.8031626473268043, 2.4477611940298503, 0, 0
-1.8031626473268043, 2.477611940298507, 0, 0
-1.48714445140355, 2.7313432835820888, 0, 0
-1.48714445140355, 2.686567164179104, 0, 0
-1.48714445140355, 2.6044776119402977, 0, 0
-1.4964391042248222, 2.582089552238805, 0, 0
-1.4964391042248222, 2.5447761194029845, 0, 0
-1.4127872288333725, 2.5746268656716413, 0, 0
-1.4127872288333725, 2.611940298507462, 0, 0
-1.4127872288333725, 2.641791044776119, 0, 0
-1.338430006263195, 2.6716417910447756, 0, 0
-1.338430006263195, 2.641791044776119, 0, 0
-1.338430006263195, 2.6044776119402977, 0, 0
-1.254778130871745, 2.6268656716417906, 0, 0
-1.254778130871745, 2.6716417910447756, 0, 0
-1.254778130871745, 2.694029850746268, 0, 0
-1.180420908301568, 2.694029850746268, 0, 0
-1.180420908301568, 2.7313432835820888, 0, 0
-1.1897155611228398, 2.776119402985074, 0, 0
-1.338430006263195, 2.738805970149253, 0, 0
-1.338430006263195, 2.76865671641791, 0, 0
-1.254778130871745, 2.7537313432835813, 0, 0
-1.254778130871745, 2.8059701492537306, 0, 0
-1.0967690329101178, 2.7089552238805963, 0, 0
-1.0967690329101178, 2.7462686567164174, 0, 0
-1.0967690329101178, 2.7910447761194024, 0, 0
-1.0967690329101178, 2.8507462686567155, 0, 0
-1.0967690329101178, 2.902985074626865, 0, 0
-1.0224118103399409, 2.828358208955223, 0, 0
-1.0224118103399409, 2.7985074626865667, 0, 0
-1.0224118103399409, 2.76865671641791, 0, 0
-1.0224118103399409, 2.7313432835820888, 0, 0
-0.948054587769763, 2.7462686567164174, 0, 0
-0.948054587769763, 2.76865671641791, 0, 0
-0.948054587769763, 2.7910447761194024, 0, 0
-0.948054587769763, 2.820895522388059, 0, 0
-0.8644027123783133, 2.813432835820895, 0, 0
-0.8644027123783133, 2.7910447761194024, 0, 0
-0.8644027123783133, 2.76865671641791, 0, 0
-0.8644027123783133, 2.738805970149253, 0, 0
-0.7807508369868636, 2.76865671641791, 0, 0
-0.7807508369868636, 2.783582089552238, 0, 0
-0.7807508369868636, 2.813432835820895, 0, 0
-0.7063936144166858, 2.7537313432835813, 0, 0
-0.7063936144166858, 2.776119402985074, 0, 0
-0.7063936144166858, 2.7910447761194024, 0, 0
-0.7063936144166858, 2.820895522388059, 0, 0
-0.6227417390252361, 2.8358208955223874, 0, 0
-0.6227417390252361, 2.7910447761194024, 0, 0
-0.6227417390252361, 2.738805970149253, 0, 0
-0.7063936144166858, -0.4552238805970146, 0, 0
-0.6320363918465084, -0.44776119402985026, 0, 0
-0.7156882672379581, -0.49253731343283524, 0, 0
-0.7063936144166858, -0.5298507462686564, 0, 0
-0.6320363918465084, -0.5298507462686564, 0, 0
-0.6320363918465084, -0.49999999999999956, 0, 0
-0.5483845164550591, -0.49999999999999956, 0, 0
-0.5483845164550591, -0.5373134328358207, 0, 0
-0.47402729388488174, -0.5373134328358207, 0, 0
-0.47402729388488174, -0.49999999999999956, 0, 0
-0.3996700713147039, -0.5074626865671639, 0, 0
-0.3903754184934316, -0.5447761194029845, 0, 0
-0.3160181959232542, -0.5522388059701488, 0, 0
-0.3160181959232542, -0.5298507462686564, 0, 0
-0.3160181959232542, -0.5074626865671639, 0, 0
-0.3903754184934316, -0.5298507462686564, 0, 0
-0.2323663205318045, -0.5597014925373132, 0, 0
-0.2323663205318045, -0.5373134328358207, 0, 0
-0.2323663205318045, -0.5074626865671639, 0, 0
-0.1487144451403548, -0.49999999999999956, 0, 0
-0.15800909796162665, -0.5373134328358207, 0, 0
-0.15800909796162665, -0.5597014925373132, 0, 0
-0.08365187539144969, -0.5597014925373132, 0, 0
-0.08365187539144969, -0.5298507462686564, 0, 0
-0.0743572225701774, -0.49999999999999956, 0, 0
0, -0.49999999999999956, 0, 0
0, -0.5298507462686564, 0, 0
0, -0.5597014925373132, 0, 0
0.0743572225701774, -0.5597014925373132, 0, 0
0.0743572225701774, -0.5373134328358207, 0, 0
0.0743572225701774, -0.49999999999999956, 0, 0
0.15800909796162754, -0.49999999999999956, 0, 0
0.15800909796162754, -0.5373134328358207, 0, 0
0.15800909796162754, -0.5597014925373132, 0, 0
0.23236632053180495, -0.5522388059701488, 0, 0
0.23236632053180495, -0.5373134328358207, 0, 0
0.23236632053180495, -0.49999999999999956, 0, 0
0.31601819592325464, -0.49999999999999956, 0, 0
0.31601819592325464, -0.5298507462686564, 0, 0
0.31601819592325464, -0.5522388059701488, 0, 0
0.3903754184934316, -0.5447761194029845, 0, 0
0.3903754184934316, -0.5298507462686564, 0, 0
0.3903754184934316, -0.5074626865671639, 0, 0
0.464732641063609, -0.49999999999999956, 0, 0
0.464732641063609, -0.522388059701492, 0, 0
0.464732641063609, -0.5447761194029845, 0, 0
0.5483845164550596, -0.5373134328358207, 0, 0
0.5483845164550596, -0.522388059701492, 0, 0
0.5483845164550596, -0.49999999999999956, 0, 0
0.622741739025237, -0.49999999999999956, 0, 0
0.622741739025237, -0.522388059701492, 0, 0
0.622741739025237, -0.5373134328358207, 0, 0
0.622741739025237, -0.4626865671641789, 0, 0
0.6970989615954144, -0.4552238805970146, 0, 0
0.7063936144166867, -0.4850746268656714, 0, 0
0.7063936144166867, -0.522388059701492, 0, 0
0.7807508369868641, -0.522388059701492, 0, 0
0.7807508369868641, -0.4850746268656714, 0, 0
0.7807508369868641, -0.4552238805970146, 0, 0
0.8644027123783138, -0.4552238805970146, 0, 0
0.8644027123783138, -0.47014925373134275, 0, 0
0.8644027123783138, -0.5149253731343282, 0, 0
0.9387599349484912, -0.5149253731343282, 0, 0
0.9387599349484912, -0.47014925373134275, 0, 0
0.9387599349484912, -0.44776119402985026, 0, 0
1.0131171575186686, -0.5149253731343282, 0, 0
1.0131171575186686, -0.4626865671641789, 0, 0
1.0131171575186686, -0.4328358208955225, 0, 0
1.0131171575186686, -0.3955223880597014, 0, 0
1.0967690329101183, -0.38059701492537323, 0, 0
1.0967690329101183, -0.4179104477611939, 0, 0
1.0967690329101183, -0.4552238805970146, 0, 0
1.1711262554802957, -0.44776119402985026, 0, 0
1.1711262554802957, -0.4179104477611939, 0, 0
1.1711262554802957, -0.3731343283582089, 0, 0
1.1711262554802957, -0.3358208955223878, 0, 0
1.1711262554802957, -0.2910447761194028, 0, 0
1.2547781308717454, -0.305970149253731, 0, 0
1.2547781308717454, -0.3432835820895521, 0, 0
1.2547781308717454, -0.3656716417910446, 0, 0
1.3291353534419228, -0.3656716417910446, 0, 0
1.3291353534419228, -0.3432835820895521, 0, 0
1.3291353534419228, -0.305970149253731, 0, 0
1.4871444514035508, -0.3582089552238803, 0, 0
1.4871444514035508, -0.3731343283582089, 0, 0
1.4871444514035508, -0.4179104477611939, 0, 0
1.4778497985822785, -0.44029850746268595, 0, 0
1.5707963267949996, -0.44776119402985026, 0, 0
1.5707963267949996, -0.4253731343283582, 0, 0
1.5707963267949996, -0.3955223880597014, 0, 0
1.5800909796162719, -0.35074626865671643, 0, 0
1.645153549365177, -0.4104477611940296, 0, 0
1.645153549365177, -0.44776119402985026, 0, 0
1.645153549365177, -0.4328358208955225, 0, 0
1.7288054247566267, -0.4253731343283582, 0, 0
1.7288054247566267, -0.44029850746268595, 0, 0
1.7288054247566267, -0.4626865671641789, 0, 0
1.7288054247566267, -0.5149253731343282, 0, 0
1.803162647326804, -0.522388059701492, 0, 0
1.803162647326804, -0.47761194029850706, 0, 0
1.803162647326804, -0.4552238805970146, 0, 0
1.803162647326804, -0.4253731343283582, 0, 0
1.8775198698969824, -0.4253731343283582, 0, 0
1.8775198698969824, -0.47014925373134275, 0, 0
1.8775198698969824, -0.5149253731343282, 0, 0
1.9518770924671598, -0.5149253731343282, 0, 0
1.961171745288432, -0.4850746268656714, 0, 0
-0.5483845164550591, 2.940298507462686, 0, 0
-0.5483845164550591, 2.9776119402985066, 0, 0
-0.46473264106360945, 2.9701492537313428, 0, 0
-0.47402729388488174, 2.940298507462686, 0, 0
-0.3903754184934316, 2.9253731343283573, 0, 0
-0.3160181959232542, 2.9179104477611935, 0, 0
-0.3160181959232542, 2.9626865671641784, 0, 0
-0.3903754184934316, 2.9701492537313428, 0, 0
-0.2416609733530768, 2.611940298507462, 0, 0
-0.2416609733530768, 2.6641791044776113, 0, 0
-0.15800909796162665, 2.6641791044776113, 0, 0
-0.15800909796162665, 2.611940298507462, 0, 0
-0.0743572225701774, 2.6044776119402977, 0, 0
-0.08365187539144969, 2.656716417910447, 0, 0
0, 2.656716417910447, 0, 0
0, 2.6044776119402977, 0, 0
0.0743572225701774, 2.6044776119402977, 0, 0
0.0743572225701774, 2.656716417910447, 0, 0
0.15800909796162754, 2.656716417910447, 0, 0
0.15800909796162754, 2.611940298507462, 0, 0
0.23236632053180495, 2.611940298507462, 0, 0
0.23236632053180495, 2.6641791044776113, 0, 0
0.31601819592325464, 2.9179104477611935, 0, 0
0.31601819592325464, 2.9701492537313428, 0, 0
0.3903754184934316, 2.9701492537313428, 0, 0
0.3903754184934316, 2.9253731343283573, 0, 0
0.4740272938848813, 2.9328358208955216, 0, 0
0.4740272938848813, 2.9701492537313428, 0, 0
0.557679169276331, 2.9701492537313428, 0, 0
0.5483845164550596, 2.940298507462686, 0, 0
0.6320363918465093, 2.9776119402985066, 0, 0
0.7063936144166867, 2.9776119402985066, 0, 0
0.7807508369868641, 2.9776119402985066, 0, 0
0.8644027123783138, 2.9776119402985066, 0, 0
0.9387599349484912, 2.9776119402985066, 0, 0
1.087474380088846, 2.902985074626865, 0, 0
1.0967690329101183, 2.8507462686567155, 0, 0
1.0967690329101183, 2.7910447761194024, 0, 0
1.0967690329101183, 2.7462686567164174, 0, 0
1.0967690329101183, 2.7089552238805963, 0, 0
1.1711262554802957, 2.694029850746268, 0, 0
1.1711262554802957, 2.723880597014925, 0, 0
1.1711262554802957, 2.76865671641791, 0, 0
0.622741739025237, 2.738805970149253, 0, 0
0.622741739025237, 2.7910447761194024, 0, 0
0.622741739025237, 2.8358208955223874, 0, 0
0.6970989615954144, 2.828358208955223, 0, 0
0.7063936144166867, 2.7985074626865667, 0, 0
0.6970989615954144, 2.7611940298507456, 0, 0
0.7807508369868641, 2.776119402985074, 0, 0
0.7807508369868641, 2.7910447761194024, 0, 0
0.7807508369868641, 2.813432835820895, 0, 0
0.8736973651995852, 2.813432835820895, 0, 0
0.8551080595570415, 2.7910447761194024, 0, 0
0.8551080595570415, 2.76865671641791, 0, 0
0.8551080595570415, 2.7462686567164174, 0, 0
0.9387599349484912, 2.7537313432835813, 0, 0
0.9387599349484912, 2.76865671641791, 0, 0
0.9387599349484912, 2.783582089552238, 0, 0
0.9387599349484912, 2.820895522388059, 0, 0
1.0224118103399409, 2.8358208955223874, 0, 0
1.0224118103399409, 2.7985074626865667, 0, 0
1.0224118103399409, 2.76865671641791, 0, 0
1.0224118103399409, 2.738805970149253, 0, 0
1.2547781308717454, 2.8059701492537306, 0, 0
1.2547781308717454, 2.7537313432835813, 0, 0
1.2547781308717454, 2.701492537313432, 0, 0
1.2547781308717454, 2.6791044776119395, 0, 0
1.2547781308717454, 2.656716417910447, 0, 0
1.2547781308717454, 2.6194029850746263, 0, 0
1.338430006263196, 2.597014925373134, 0, 0
1.338430006263196, 2.641791044776119, 0, 0
1.3291353534419228, 2.6716417910447756, 0, 0
1.3291353534419228, 2.738805970149253, 0, 0
1.3291353534419228, 2.776119402985074, 0, 0
1.4127872288333734, 2.7462686567164174, 0, 0
1.403492576012101, 2.6343283582089545, 0, 0
1.403492576012101, 2.611940298507462, 0, 0
1.403492576012101, 2.5746268656716413, 0, 0
1.4778497985822785, 2.5447761194029845, 0, 0
1.4871444514035508, 2.597014925373134, 0, 0
1.4871444514035508, 2.582089552238805, 0, 0
1.4871444514035508, 2.6791044776119395, 0, 0
1.4871444514035508, 2.7313432835820888, 0, 0
1.4127872288333734, 2.7089552238805963, 0, 0
1.8775198698969824, 2.4179104477611935, 0, 0
1.8868145227182538, 2.455223880597014, 0, 0
1.961171745288432, 2.4253731343283578, 0, 0
1.961171745288432, 2.380597014925373, 0, 0
2.0355289678586095, 2.350746268656716, 0, 0
2.0355289678586095, 2.410447761194029, 0, 0
2.7419225822752953, 2.76865671641791, 0, 0
2.7419225822752953, 2.8059701492537306, 0, 0
2.825574457666745, 2.783582089552238, 0, 0
2.825574457666745, 2.7611940298507456, 0, 0
2.0448236206798818, -0.522388059701492, 0, 0
2.0448236206798818, -0.49253731343283524, 0, 0
2.1284754960713315, -0.49999999999999956, 0, 0
2.119180843250059, -0.522388059701492, 0, 0
2.1935380658202366, -0.5373134328358207, 0, 0
2.1935380658202366, -0.5074626865671639, 0, 0
2.2771899412116863, -0.5074626865671639, 0, 0
2.2771899412116863, -0.522388059701492, 0, 0
2.2771899412116863, -0.5373134328358207, 0, 0
2.360841816603136, -0.5447761194029845, 0, 0
2.3515471637818637, -0.5149253731343282, 0, 0
2.425904386352042, -0.5149253731343282, 0, 0
2.425904386352042, -0.5447761194029845, 0, 0
2.509556261743491, -0.5447761194029845, 0, 0
2.509556261743491, -0.5149253731343282, 0, 0
2.583913484313668, -0.522388059701492, 0, 0
2.583913484313668, -0.5447761194029845, 0, 0
2.667565359705118, -0.5522388059701488, 0, 0
2.667565359705118, -0.522388059701492, 0, 0
2.7419225822752953, -0.5149253731343282, 0, 0
2.7419225822752953, -0.5522388059701488, 0, 0
2.825574457666745, -0.5447761194029845, 0, 0
2.8999316802369224, -0.5447761194029845, 0, 0
2.8999316802369224, -0.5074626865671639, 0, 0
2.8999316802369224, -0.47761194029850706, 0, 0
2.825574457666745, -0.5149253731343282, 0, 0
2.825574457666745, -0.47761194029850706, 0, 0
2.7419225822752953, -0.4626865671641789, 0, 0
2.983583555628373, -0.38059701492537323, 0, 0
2.983583555628373, -0.4253731343283582, 0, 0
2.983583555628373, -0.47014925373134275, 0, 0
2.983583555628373, -0.49999999999999956, 0, 0
2.983583555628373, -0.5149253731343282, 0, 0
2.983583555628373, -0.5447761194029845, 0, 0
3.0579407781985504, -0.5447761194029845, 0, 0
3.0579407781985504, -0.5074626865671639, 0, 0
3.0579407781985504, -0.4850746268656714, 0, 0
3.0579407781985504, -0.4552238805970146, 0, 0
3.0579407781985504, -0.4552238805970146, 0, 0
3.0579407781985504, -0.4253731343283582, 0, 0
3.0579407781985504, -0.3955223880597014, 0, 0
3.14159265359, -0.4104477611940296, 0, 0
3.14159265359, -0.4328358208955225, 0, 0
3.14159265359, -0.44776119402985026, 0, 0
3.1322980007687278, -0.4850746268656714, 0, 0
3.1322980007687278, -0.5149253731343282, 0, 0
3.1322980007687278, -0.5447761194029845, 0, 0
2.8999316802369224, 2.0746268656716413, 0, 0
2.9742889028071007, 2.1268656716417906, 0, 0
2.983583555628373, 2.1567164179104474, 0, 0
2.983583555628373, 2.186567164179104, 0, 0
3.0579407781985504, 2.223880597014925, 0, 0
3.0579407781985504, 2.194029850746268, 0, 0
3.0579407781985504, 2.1641791044776113, 0, 0
3.14159265359, 2.1641791044776113, 0, 0
3.14159265359, 2.2462686567164174, 0, 0
2.667565359705118, 2.2014925373134324, 0, 0
2.6582707068838456, 2.1567164179104474, 0, 0
2.7419225822752953, 2.1567164179104474, 0, 0
2.7512172350965676, 2.2014925373134324, 0, 0
2.8348691104880173, 2.194029850746268, 0, 0
2.825574457666745, 2.1567164179104474, 0, 0
2.825574457666745, 2.0970149253731343, 0, 0
2.8999316802369224, 2.1268656716417906, 0, 0
2.9092263330581947, 2.1567164179104474, 0, 0
2.8999316802369224, 2.186567164179104, 0, 0
